locale	font_size	font_source_path	font_source_sha256	codepoint	character	unicode_name	glyph_advance_px	glyph_width_px_if_available	result
cn	16	app/assets/fonts/efontCN_16_subset.cpp	6cf90d7a295914ffb0457c04d19e9fd61ca25382ded113a72322f8c586926ea3	U+03BC	μ	GREEK SMALL LETTER MU	8	7	PRESENT
cn	16	app/assets/fonts/efontCN_16_subset.cpp	6cf90d7a295914ffb0457c04d19e9fd61ca25382ded113a72322f8c586926ea3	U+4E0A	上	CJK UNIFIED IDEOGRAPH-4E0A	16	16	PRESENT
cn	16	app/assets/fonts/efontCN_16_subset.cpp	6cf90d7a295914ffb0457c04d19e9fd61ca25382ded113a72322f8c586926ea3	U+4E2A	个	CJK UNIFIED IDEOGRAPH-4E2A	16	16	PRESENT
cn	16	app/assets/fonts/efontCN_16_subset.cpp	6cf90d7a295914ffb0457c04d19e9fd61ca25382ded113a72322f8c586926ea3	U+4E2D	中	CJK UNIFIED IDEOGRAPH-4E2D	16	14	PRESENT
cn	16	app/assets/fonts/efontCN_16_subset.cpp	6cf90d7a295914ffb0457c04d19e9fd61ca25382ded113a72322f8c586926ea3	U+4E8E	于	CJK UNIFIED IDEOGRAPH-4E8E	16	16	PRESENT
cn	16	app/assets/fonts/efontCN_16_subset.cpp	6cf90d7a295914ffb0457c04d19e9fd61ca25382ded113a72322f8c586926ea3	U+4EAE	亮	CJK UNIFIED IDEOGRAPH-4EAE	16	16	PRESENT
cn	16	app/assets/fonts/efontCN_16_subset.cpp	6cf90d7a295914ffb0457c04d19e9fd61ca25382ded113a72322f8c586926ea3	U+4EF6	件	CJK UNIFIED IDEOGRAPH-4EF6	16	16	PRESENT
cn	16	app/assets/fonts/efontCN_16_subset.cpp	6cf90d7a295914ffb0457c04d19e9fd61ca25382ded113a72322f8c586926ea3	U+4EFD	份	CJK UNIFIED IDEOGRAPH-4EFD	16	16	PRESENT
cn	16	app/assets/fonts/efontCN_16_subset.cpp	6cf90d7a295914ffb0457c04d19e9fd61ca25382ded113a72322f8c586926ea3	U+4F20	传	CJK UNIFIED IDEOGRAPH-4F20	16	15	PRESENT
cn	16	app/assets/fonts/efontCN_16_subset.cpp	6cf90d7a295914ffb0457c04d19e9fd61ca25382ded113a72322f8c586926ea3	U+4F4E	低	CJK UNIFIED IDEOGRAPH-4F4E	16	16	PRESENT
cn	16	app/assets/fonts/efontCN_16_subset.cpp	6cf90d7a295914ffb0457c04d19e9fd61ca25382ded113a72322f8c586926ea3	U+4F7F	使	CJK UNIFIED IDEOGRAPH-4F7F	16	16	PRESENT
cn	16	app/assets/fonts/efontCN_16_subset.cpp	6cf90d7a295914ffb0457c04d19e9fd61ca25382ded113a72322f8c586926ea3	U+4FDD	保	CJK UNIFIED IDEOGRAPH-4FDD	16	16	PRESENT
cn	16	app/assets/fonts/efontCN_16_subset.cpp	6cf90d7a295914ffb0457c04d19e9fd61ca25382ded113a72322f8c586926ea3	U+4FE1	信	CJK UNIFIED IDEOGRAPH-4FE1	16	16	PRESENT
cn	16	app/assets/fonts/efontCN_16_subset.cpp	6cf90d7a295914ffb0457c04d19e9fd61ca25382ded113a72322f8c586926ea3	U+503C	值	CJK UNIFIED IDEOGRAPH-503C	16	15	PRESENT
cn	16	app/assets/fonts/efontCN_16_subset.cpp	6cf90d7a295914ffb0457c04d19e9fd61ca25382ded113a72322f8c586926ea3	U+5165	入	CJK UNIFIED IDEOGRAPH-5165	16	16	PRESENT
cn	16	app/assets/fonts/efontCN_16_subset.cpp	6cf90d7a295914ffb0457c04d19e9fd61ca25382ded113a72322f8c586926ea3	U+5173	关	CJK UNIFIED IDEOGRAPH-5173	16	15	PRESENT
cn	16	app/assets/fonts/efontCN_16_subset.cpp	6cf90d7a295914ffb0457c04d19e9fd61ca25382ded113a72322f8c586926ea3	U+51C6	准	CJK UNIFIED IDEOGRAPH-51C6	16	16	PRESENT
cn	16	app/assets/fonts/efontCN_16_subset.cpp	6cf90d7a295914ffb0457c04d19e9fd61ca25382ded113a72322f8c586926ea3	U+51FA	出	CJK UNIFIED IDEOGRAPH-51FA	16	14	PRESENT
cn	16	app/assets/fonts/efontCN_16_subset.cpp	6cf90d7a295914ffb0457c04d19e9fd61ca25382ded113a72322f8c586926ea3	U+51FB	击	CJK UNIFIED IDEOGRAPH-51FB	16	15	PRESENT
cn	16	app/assets/fonts/efontCN_16_subset.cpp	6cf90d7a295914ffb0457c04d19e9fd61ca25382ded113a72322f8c586926ea3	U+5206	分	CJK UNIFIED IDEOGRAPH-5206	16	16	PRESENT
cn	16	app/assets/fonts/efontCN_16_subset.cpp	6cf90d7a295914ffb0457c04d19e9fd61ca25382ded113a72322f8c586926ea3	U+5220	删	CJK UNIFIED IDEOGRAPH-5220	16	14	PRESENT
cn	16	app/assets/fonts/efontCN_16_subset.cpp	6cf90d7a295914ffb0457c04d19e9fd61ca25382ded113a72322f8c586926ea3	U+5230	到	CJK UNIFIED IDEOGRAPH-5230	16	15	PRESENT
cn	16	app/assets/fonts/efontCN_16_subset.cpp	6cf90d7a295914ffb0457c04d19e9fd61ca25382ded113a72322f8c586926ea3	U+5236	制	CJK UNIFIED IDEOGRAPH-5236	16	15	PRESENT
cn	16	app/assets/fonts/efontCN_16_subset.cpp	6cf90d7a295914ffb0457c04d19e9fd61ca25382ded113a72322f8c586926ea3	U+5237	刷	CJK UNIFIED IDEOGRAPH-5237	16	15	PRESENT
cn	16	app/assets/fonts/efontCN_16_subset.cpp	6cf90d7a295914ffb0457c04d19e9fd61ca25382ded113a72322f8c586926ea3	U+524D	前	CJK UNIFIED IDEOGRAPH-524D	16	16	PRESENT
cn	16	app/assets/fonts/efontCN_16_subset.cpp	6cf90d7a295914ffb0457c04d19e9fd61ca25382ded113a72322f8c586926ea3	U+529F	功	CJK UNIFIED IDEOGRAPH-529F	16	15	PRESENT
cn	16	app/assets/fonts/efontCN_16_subset.cpp	6cf90d7a295914ffb0457c04d19e9fd61ca25382ded113a72322f8c586926ea3	U+52A8	动	CJK UNIFIED IDEOGRAPH-52A8	16	15	PRESENT
cn	16	app/assets/fonts/efontCN_16_subset.cpp	6cf90d7a295914ffb0457c04d19e9fd61ca25382ded113a72322f8c586926ea3	U+5347	升	CJK UNIFIED IDEOGRAPH-5347	16	16	PRESENT
cn	16	app/assets/fonts/efontCN_16_subset.cpp	6cf90d7a295914ffb0457c04d19e9fd61ca25382ded113a72322f8c586926ea3	U+5355	单	CJK UNIFIED IDEOGRAPH-5355	16	15	PRESENT
cn	16	app/assets/fonts/efontCN_16_subset.cpp	6cf90d7a295914ffb0457c04d19e9fd61ca25382ded113a72322f8c586926ea3	U+538B	压	CJK UNIFIED IDEOGRAPH-538B	16	15	PRESENT
cn	16	app/assets/fonts/efontCN_16_subset.cpp	6cf90d7a295914ffb0457c04d19e9fd61ca25382ded113a72322f8c586926ea3	U+53CD	反	CJK UNIFIED IDEOGRAPH-53CD	16	16	PRESENT
cn	16	app/assets/fonts/efontCN_16_subset.cpp	6cf90d7a295914ffb0457c04d19e9fd61ca25382ded113a72322f8c586926ea3	U+53D1	发	CJK UNIFIED IDEOGRAPH-53D1	16	15	PRESENT
cn	16	app/assets/fonts/efontCN_16_subset.cpp	6cf90d7a295914ffb0457c04d19e9fd61ca25382ded113a72322f8c586926ea3	U+53E3	口	CJK UNIFIED IDEOGRAPH-53E3	16	13	PRESENT
cn	16	app/assets/fonts/efontCN_16_subset.cpp	6cf90d7a295914ffb0457c04d19e9fd61ca25382ded113a72322f8c586926ea3	U+53EA	只	CJK UNIFIED IDEOGRAPH-53EA	16	13	PRESENT
cn	16	app/assets/fonts/efontCN_16_subset.cpp	6cf90d7a295914ffb0457c04d19e9fd61ca25382ded113a72322f8c586926ea3	U+5411	向	CJK UNIFIED IDEOGRAPH-5411	16	14	PRESENT
cn	16	app/assets/fonts/efontCN_16_subset.cpp	6cf90d7a295914ffb0457c04d19e9fd61ca25382ded113a72322f8c586926ea3	U+5426	否	CJK UNIFIED IDEOGRAPH-5426	16	16	PRESENT
cn	16	app/assets/fonts/efontCN_16_subset.cpp	6cf90d7a295914ffb0457c04d19e9fd61ca25382ded113a72322f8c586926ea3	U+542F	启	CJK UNIFIED IDEOGRAPH-542F	16	15	PRESENT
cn	16	app/assets/fonts/efontCN_16_subset.cpp	6cf90d7a295914ffb0457c04d19e9fd61ca25382ded113a72322f8c586926ea3	U+5668	器	CJK UNIFIED IDEOGRAPH-5668	16	16	PRESENT
cn	16	app/assets/fonts/efontCN_16_subset.cpp	6cf90d7a295914ffb0457c04d19e9fd61ca25382ded113a72322f8c586926ea3	U+56DE	回	CJK UNIFIED IDEOGRAPH-56DE	16	14	PRESENT
cn	16	app/assets/fonts/efontCN_16_subset.cpp	6cf90d7a295914ffb0457c04d19e9fd61ca25382ded113a72322f8c586926ea3	U+56FA	固	CJK UNIFIED IDEOGRAPH-56FA	16	14	PRESENT
cn	16	app/assets/fonts/efontCN_16_subset.cpp	6cf90d7a295914ffb0457c04d19e9fd61ca25382ded113a72322f8c586926ea3	U+5728	在	CJK UNIFIED IDEOGRAPH-5728	16	16	PRESENT
cn	16	app/assets/fonts/efontCN_16_subset.cpp	6cf90d7a295914ffb0457c04d19e9fd61ca25382ded113a72322f8c586926ea3	U+5747	均	CJK UNIFIED IDEOGRAPH-5747	16	15	PRESENT
cn	16	app/assets/fonts/efontCN_16_subset.cpp	6cf90d7a295914ffb0457c04d19e9fd61ca25382ded113a72322f8c586926ea3	U+578B	型	CJK UNIFIED IDEOGRAPH-578B	16	15	PRESENT
cn	16	app/assets/fonts/efontCN_16_subset.cpp	6cf90d7a295914ffb0457c04d19e9fd61ca25382ded113a72322f8c586926ea3	U+57DF	域	CJK UNIFIED IDEOGRAPH-57DF	16	16	PRESENT
cn	16	app/assets/fonts/efontCN_16_subset.cpp	6cf90d7a295914ffb0457c04d19e9fd61ca25382ded113a72322f8c586926ea3	U+5907	备	CJK UNIFIED IDEOGRAPH-5907	16	15	PRESENT
cn	16	app/assets/fonts/efontCN_16_subset.cpp	6cf90d7a295914ffb0457c04d19e9fd61ca25382ded113a72322f8c586926ea3	U+597D	好	CJK UNIFIED IDEOGRAPH-597D	16	16	PRESENT
cn	16	app/assets/fonts/efontCN_16_subset.cpp	6cf90d7a295914ffb0457c04d19e9fd61ca25382ded113a72322f8c586926ea3	U+5B58	存	CJK UNIFIED IDEOGRAPH-5B58	16	16	PRESENT
cn	16	app/assets/fonts/efontCN_16_subset.cpp	6cf90d7a295914ffb0457c04d19e9fd61ca25382ded113a72322f8c586926ea3	U+5B8C	完	CJK UNIFIED IDEOGRAPH-5B8C	16	15	PRESENT
cn	16	app/assets/fonts/efontCN_16_subset.cpp	6cf90d7a295914ffb0457c04d19e9fd61ca25382ded113a72322f8c586926ea3	U+5BB9	容	CJK UNIFIED IDEOGRAPH-5BB9	16	15	PRESENT
cn	16	app/assets/fonts/efontCN_16_subset.cpp	6cf90d7a295914ffb0457c04d19e9fd61ca25382ded113a72322f8c586926ea3	U+5C40	局	CJK UNIFIED IDEOGRAPH-5C40	16	15	PRESENT
cn	16	app/assets/fonts/efontCN_16_subset.cpp	6cf90d7a295914ffb0457c04d19e9fd61ca25382ded113a72322f8c586926ea3	U+5C4F	屏	CJK UNIFIED IDEOGRAPH-5C4F	16	16	PRESENT
cn	16	app/assets/fonts/efontCN_16_subset.cpp	6cf90d7a295914ffb0457c04d19e9fd61ca25382ded113a72322f8c586926ea3	U+5CF0	峰	CJK UNIFIED IDEOGRAPH-5CF0	16	16	PRESENT
cn	16	app/assets/fonts/efontCN_16_subset.cpp	6cf90d7a295914ffb0457c04d19e9fd61ca25382ded113a72322f8c586926ea3	U+5DF2	已	CJK UNIFIED IDEOGRAPH-5DF2	16	15	PRESENT
cn	16	app/assets/fonts/efontCN_16_subset.cpp	6cf90d7a295914ffb0457c04d19e9fd61ca25382ded113a72322f8c586926ea3	U+5E38	常	CJK UNIFIED IDEOGRAPH-5E38	16	15	PRESENT
cn	16	app/assets/fonts/efontCN_16_subset.cpp	6cf90d7a295914ffb0457c04d19e9fd61ca25382ded113a72322f8c586926ea3	U+5E73	平	CJK UNIFIED IDEOGRAPH-5E73	16	16	PRESENT
cn	16	app/assets/fonts/efontCN_16_subset.cpp	6cf90d7a295914ffb0457c04d19e9fd61ca25382ded113a72322f8c586926ea3	U+5E76	并	CJK UNIFIED IDEOGRAPH-5E76	16	16	PRESENT
cn	16	app/assets/fonts/efontCN_16_subset.cpp	6cf90d7a295914ffb0457c04d19e9fd61ca25382ded113a72322f8c586926ea3	U+5EA6	度	CJK UNIFIED IDEOGRAPH-5EA6	16	15	PRESENT
cn	16	app/assets/fonts/efontCN_16_subset.cpp	6cf90d7a295914ffb0457c04d19e9fd61ca25382ded113a72322f8c586926ea3	U+5F00	开	CJK UNIFIED IDEOGRAPH-5F00	16	16	PRESENT
cn	16	app/assets/fonts/efontCN_16_subset.cpp	6cf90d7a295914ffb0457c04d19e9fd61ca25382ded113a72322f8c586926ea3	U+5F0F	式	CJK UNIFIED IDEOGRAPH-5F0F	16	16	PRESENT
cn	16	app/assets/fonts/efontCN_16_subset.cpp	6cf90d7a295914ffb0457c04d19e9fd61ca25382ded113a72322f8c586926ea3	U+5F39	弹	CJK UNIFIED IDEOGRAPH-5F39	16	15	PRESENT
cn	16	app/assets/fonts/efontCN_16_subset.cpp	6cf90d7a295914ffb0457c04d19e9fd61ca25382ded113a72322f8c586926ea3	U+5F55	录	CJK UNIFIED IDEOGRAPH-5F55	16	15	PRESENT
cn	16	app/assets/fonts/efontCN_16_subset.cpp	6cf90d7a295914ffb0457c04d19e9fd61ca25382ded113a72322f8c586926ea3	U+5F62	形	CJK UNIFIED IDEOGRAPH-5F62	16	16	PRESENT
cn	16	app/assets/fonts/efontCN_16_subset.cpp	6cf90d7a295914ffb0457c04d19e9fd61ca25382ded113a72322f8c586926ea3	U+5F85	待	CJK UNIFIED IDEOGRAPH-5F85	16	16	PRESENT
cn	16	app/assets/fonts/efontCN_16_subset.cpp	6cf90d7a295914ffb0457c04d19e9fd61ca25382ded113a72322f8c586926ea3	U+603B	总	CJK UNIFIED IDEOGRAPH-603B	16	15	PRESENT
cn	16	app/assets/fonts/efontCN_16_subset.cpp	6cf90d7a295914ffb0457c04d19e9fd61ca25382ded113a72322f8c586926ea3	U+606F	息	CJK UNIFIED IDEOGRAPH-606F	16	16	PRESENT
cn	16	app/assets/fonts/efontCN_16_subset.cpp	6cf90d7a295914ffb0457c04d19e9fd61ca25382ded113a72322f8c586926ea3	U+6210	成	CJK UNIFIED IDEOGRAPH-6210	16	16	PRESENT
cn	16	app/assets/fonts/efontCN_16_subset.cpp	6cf90d7a295914ffb0457c04d19e9fd61ca25382ded113a72322f8c586926ea3	U+624B	手	CJK UNIFIED IDEOGRAPH-624B	16	16	PRESENT
cn	16	app/assets/fonts/efontCN_16_subset.cpp	6cf90d7a295914ffb0457c04d19e9fd61ca25382ded113a72322f8c586926ea3	U+6253	打	CJK UNIFIED IDEOGRAPH-6253	16	16	PRESENT
cn	16	app/assets/fonts/efontCN_16_subset.cpp	6cf90d7a295914ffb0457c04d19e9fd61ca25382ded113a72322f8c586926ea3	U+63A5	接	CJK UNIFIED IDEOGRAPH-63A5	16	16	PRESENT
cn	16	app/assets/fonts/efontCN_16_subset.cpp	6cf90d7a295914ffb0457c04d19e9fd61ca25382ded113a72322f8c586926ea3	U+63A7	控	CJK UNIFIED IDEOGRAPH-63A7	16	16	PRESENT
cn	16	app/assets/fonts/efontCN_16_subset.cpp	6cf90d7a295914ffb0457c04d19e9fd61ca25382ded113a72322f8c586926ea3	U+63D0	提	CJK UNIFIED IDEOGRAPH-63D0	16	16	PRESENT
cn	16	app/assets/fonts/efontCN_16_subset.cpp	6cf90d7a295914ffb0457c04d19e9fd61ca25382ded113a72322f8c586926ea3	U+6539	改	CJK UNIFIED IDEOGRAPH-6539	16	16	PRESENT
cn	16	app/assets/fonts/efontCN_16_subset.cpp	6cf90d7a295914ffb0457c04d19e9fd61ca25382ded113a72322f8c586926ea3	U+6587	文	CJK UNIFIED IDEOGRAPH-6587	16	16	PRESENT
cn	16	app/assets/fonts/efontCN_16_subset.cpp	6cf90d7a295914ffb0457c04d19e9fd61ca25382ded113a72322f8c586926ea3	U+65B0	新	CJK UNIFIED IDEOGRAPH-65B0	16	16	PRESENT
cn	16	app/assets/fonts/efontCN_16_subset.cpp	6cf90d7a295914ffb0457c04d19e9fd61ca25382ded113a72322f8c586926ea3	U+65B9	方	CJK UNIFIED IDEOGRAPH-65B9	16	16	PRESENT
cn	16	app/assets/fonts/efontCN_16_subset.cpp	6cf90d7a295914ffb0457c04d19e9fd61ca25382ded113a72322f8c586926ea3	U+65E0	无	CJK UNIFIED IDEOGRAPH-65E0	16	16	PRESENT
cn	16	app/assets/fonts/efontCN_16_subset.cpp	6cf90d7a295914ffb0457c04d19e9fd61ca25382ded113a72322f8c586926ea3	U+65E5	日	CJK UNIFIED IDEOGRAPH-65E5	16	10	PRESENT
cn	16	app/assets/fonts/efontCN_16_subset.cpp	6cf90d7a295914ffb0457c04d19e9fd61ca25382ded113a72322f8c586926ea3	U+65F6	时	CJK UNIFIED IDEOGRAPH-65F6	16	15	PRESENT
cn	16	app/assets/fonts/efontCN_16_subset.cpp	6cf90d7a295914ffb0457c04d19e9fd61ca25382ded113a72322f8c586926ea3	U+662F	是	CJK UNIFIED IDEOGRAPH-662F	16	16	PRESENT
cn	16	app/assets/fonts/efontCN_16_subset.cpp	6cf90d7a295914ffb0457c04d19e9fd61ca25382ded113a72322f8c586926ea3	U+663E	显	CJK UNIFIED IDEOGRAPH-663E	16	15	PRESENT
cn	16	app/assets/fonts/efontCN_16_subset.cpp	6cf90d7a295914ffb0457c04d19e9fd61ca25382ded113a72322f8c586926ea3	U+66F4	更	CJK UNIFIED IDEOGRAPH-66F4	16	16	PRESENT
cn	16	app/assets/fonts/efontCN_16_subset.cpp	6cf90d7a295914ffb0457c04d19e9fd61ca25382ded113a72322f8c586926ea3	U+6700	最	CJK UNIFIED IDEOGRAPH-6700	16	16	PRESENT
cn	16	app/assets/fonts/efontCN_16_subset.cpp	6cf90d7a295914ffb0457c04d19e9fd61ca25382ded113a72322f8c586926ea3	U+6709	有	CJK UNIFIED IDEOGRAPH-6709	16	16	PRESENT
cn	16	app/assets/fonts/efontCN_16_subset.cpp	6cf90d7a295914ffb0457c04d19e9fd61ca25382ded113a72322f8c586926ea3	U+672C	本	CJK UNIFIED IDEOGRAPH-672C	16	16	PRESENT
cn	16	app/assets/fonts/efontCN_16_subset.cpp	6cf90d7a295914ffb0457c04d19e9fd61ca25382ded113a72322f8c586926ea3	U+6821	校	CJK UNIFIED IDEOGRAPH-6821	16	16	PRESENT
cn	16	app/assets/fonts/efontCN_16_subset.cpp	6cf90d7a295914ffb0457c04d19e9fd61ca25382ded113a72322f8c586926ea3	U+6A21	模	CJK UNIFIED IDEOGRAPH-6A21	16	16	PRESENT
cn	16	app/assets/fonts/efontCN_16_subset.cpp	6cf90d7a295914ffb0457c04d19e9fd61ca25382ded113a72322f8c586926ea3	U+6B63	正	CJK UNIFIED IDEOGRAPH-6B63	16	16	PRESENT
cn	16	app/assets/fonts/efontCN_16_subset.cpp	6cf90d7a295914ffb0457c04d19e9fd61ca25382ded113a72322f8c586926ea3	U+6CA1	没	CJK UNIFIED IDEOGRAPH-6CA1	16	16	PRESENT
cn	16	app/assets/fonts/efontCN_16_subset.cpp	6cf90d7a295914ffb0457c04d19e9fd61ca25382ded113a72322f8c586926ea3	U+6CE2	波	CJK UNIFIED IDEOGRAPH-6CE2	16	16	PRESENT
cn	16	app/assets/fonts/efontCN_16_subset.cpp	6cf90d7a295914ffb0457c04d19e9fd61ca25382ded113a72322f8c586926ea3	U+6D41	流	CJK UNIFIED IDEOGRAPH-6D41	16	16	PRESENT
cn	16	app/assets/fonts/efontCN_16_subset.cpp	6cf90d7a295914ffb0457c04d19e9fd61ca25382ded113a72322f8c586926ea3	U+6D4F	浏	CJK UNIFIED IDEOGRAPH-6D4F	16	14	PRESENT
cn	16	app/assets/fonts/efontCN_16_subset.cpp	6cf90d7a295914ffb0457c04d19e9fd61ca25382ded113a72322f8c586926ea3	U+6E90	源	CJK UNIFIED IDEOGRAPH-6E90	16	15	PRESENT
cn	16	app/assets/fonts/efontCN_16_subset.cpp	6cf90d7a295914ffb0457c04d19e9fd61ca25382ded113a72322f8c586926ea3	U+70B9	点	CJK UNIFIED IDEOGRAPH-70B9	16	15	PRESENT
cn	16	app/assets/fonts/efontCN_16_subset.cpp	6cf90d7a295914ffb0457c04d19e9fd61ca25382ded113a72322f8c586926ea3	U+70ED	热	CJK UNIFIED IDEOGRAPH-70ED	16	15	PRESENT
cn	16	app/assets/fonts/efontCN_16_subset.cpp	6cf90d7a295914ffb0457c04d19e9fd61ca25382ded113a72322f8c586926ea3	U+7248	版	CJK UNIFIED IDEOGRAPH-7248	16	16	PRESENT
cn	16	app/assets/fonts/efontCN_16_subset.cpp	6cf90d7a295914ffb0457c04d19e9fd61ca25382ded113a72322f8c586926ea3	U+7387	率	CJK UNIFIED IDEOGRAPH-7387	16	16	PRESENT
cn	16	app/assets/fonts/efontCN_16_subset.cpp	6cf90d7a295914ffb0457c04d19e9fd61ca25382ded113a72322f8c586926ea3	U+7528	用	CJK UNIFIED IDEOGRAPH-7528	16	14	PRESENT
cn	16	app/assets/fonts/efontCN_16_subset.cpp	6cf90d7a295914ffb0457c04d19e9fd61ca25382ded113a72322f8c586926ea3	U+7535	电	CJK UNIFIED IDEOGRAPH-7535	16	14	PRESENT
cn	16	app/assets/fonts/efontCN_16_subset.cpp	6cf90d7a295914ffb0457c04d19e9fd61ca25382ded113a72322f8c586926ea3	U+753B	画	CJK UNIFIED IDEOGRAPH-753B	16	16	PRESENT
cn	16	app/assets/fonts/efontCN_16_subset.cpp	6cf90d7a295914ffb0457c04d19e9fd61ca25382ded113a72322f8c586926ea3	U+7684	的	CJK UNIFIED IDEOGRAPH-7684	16	14	PRESENT
cn	16	app/assets/fonts/efontCN_16_subset.cpp	6cf90d7a295914ffb0457c04d19e9fd61ca25382ded113a72322f8c586926ea3	U+76D1	监	CJK UNIFIED IDEOGRAPH-76D1	16	15	PRESENT
cn	16	app/assets/fonts/efontCN_16_subset.cpp	6cf90d7a295914ffb0457c04d19e9fd61ca25382ded113a72322f8c586926ea3	U+76D8	盘	CJK UNIFIED IDEOGRAPH-76D8	16	15	PRESENT
cn	16	app/assets/fonts/efontCN_16_subset.cpp	6cf90d7a295914ffb0457c04d19e9fd61ca25382ded113a72322f8c586926ea3	U+7801	码	CJK UNIFIED IDEOGRAPH-7801	16	15	PRESENT
cn	16	app/assets/fonts/efontCN_16_subset.cpp	6cf90d7a295914ffb0457c04d19e9fd61ca25382ded113a72322f8c586926ea3	U+793A	示	CJK UNIFIED IDEOGRAPH-793A	16	16	PRESENT
cn	16	app/assets/fonts/efontCN_16_subset.cpp	6cf90d7a295914ffb0457c04d19e9fd61ca25382ded113a72322f8c586926ea3	U+7A0B	程	CJK UNIFIED IDEOGRAPH-7A0B	16	16	PRESENT
cn	16	app/assets/fonts/efontCN_16_subset.cpp	6cf90d7a295914ffb0457c04d19e9fd61ca25382ded113a72322f8c586926ea3	U+7B49	等	CJK UNIFIED IDEOGRAPH-7B49	16	16	PRESENT
cn	16	app/assets/fonts/efontCN_16_subset.cpp	6cf90d7a295914ffb0457c04d19e9fd61ca25382ded113a72322f8c586926ea3	U+7C7B	类	CJK UNIFIED IDEOGRAPH-7C7B	16	15	PRESENT
cn	16	app/assets/fonts/efontCN_16_subset.cpp	6cf90d7a295914ffb0457c04d19e9fd61ca25382ded113a72322f8c586926ea3	U+7CFB	系	CJK UNIFIED IDEOGRAPH-7CFB	16	15	PRESENT
cn	16	app/assets/fonts/efontCN_16_subset.cpp	6cf90d7a295914ffb0457c04d19e9fd61ca25382ded113a72322f8c586926ea3	U+7EA7	级	CJK UNIFIED IDEOGRAPH-7EA7	16	15	PRESENT
cn	16	app/assets/fonts/efontCN_16_subset.cpp	6cf90d7a295914ffb0457c04d19e9fd61ca25382ded113a72322f8c586926ea3	U+7EBF	线	CJK UNIFIED IDEOGRAPH-7EBF	16	15	PRESENT
cn	16	app/assets/fonts/efontCN_16_subset.cpp	6cf90d7a295914ffb0457c04d19e9fd61ca25382ded113a72322f8c586926ea3	U+7EDC	络	CJK UNIFIED IDEOGRAPH-7EDC	16	15	PRESENT
cn	16	app/assets/fonts/efontCN_16_subset.cpp	6cf90d7a295914ffb0457c04d19e9fd61ca25382ded113a72322f8c586926ea3	U+7EDF	统	CJK UNIFIED IDEOGRAPH-7EDF	16	15	PRESENT
cn	16	app/assets/fonts/efontCN_16_subset.cpp	6cf90d7a295914ffb0457c04d19e9fd61ca25382ded113a72322f8c586926ea3	U+7EE7	继	CJK UNIFIED IDEOGRAPH-7EE7	16	15	PRESENT
cn	16	app/assets/fonts/efontCN_16_subset.cpp	6cf90d7a295914ffb0457c04d19e9fd61ca25382ded113a72322f8c586926ea3	U+7EED	续	CJK UNIFIED IDEOGRAPH-7EED	16	15	PRESENT
cn	16	app/assets/fonts/efontCN_16_subset.cpp	6cf90d7a295914ffb0457c04d19e9fd61ca25382ded113a72322f8c586926ea3	U+7F16	编	CJK UNIFIED IDEOGRAPH-7F16	16	15	PRESENT
cn	16	app/assets/fonts/efontCN_16_subset.cpp	6cf90d7a295914ffb0457c04d19e9fd61ca25382ded113a72322f8c586926ea3	U+7F51	网	CJK UNIFIED IDEOGRAPH-7F51	16	14	PRESENT
cn	16	app/assets/fonts/efontCN_16_subset.cpp	6cf90d7a295914ffb0457c04d19e9fd61ca25382ded113a72322f8c586926ea3	U+7F6E	置	CJK UNIFIED IDEOGRAPH-7F6E	16	16	PRESENT
cn	16	app/assets/fonts/efontCN_16_subset.cpp	6cf90d7a295914ffb0457c04d19e9fd61ca25382ded113a72322f8c586926ea3	U+80FD	能	CJK UNIFIED IDEOGRAPH-80FD	16	16	PRESENT
cn	16	app/assets/fonts/efontCN_16_subset.cpp	6cf90d7a295914ffb0457c04d19e9fd61ca25382ded113a72322f8c586926ea3	U+8111	脑	CJK UNIFIED IDEOGRAPH-8111	16	15	PRESENT
cn	16	app/assets/fonts/efontCN_16_subset.cpp	6cf90d7a295914ffb0457c04d19e9fd61ca25382ded113a72322f8c586926ea3	U+82F1	英	CJK UNIFIED IDEOGRAPH-82F1	16	16	PRESENT
cn	16	app/assets/fonts/efontCN_16_subset.cpp	6cf90d7a295914ffb0457c04d19e9fd61ca25382ded113a72322f8c586926ea3	U+8702	蜂	CJK UNIFIED IDEOGRAPH-8702	16	16	PRESENT
cn	16	app/assets/fonts/efontCN_16_subset.cpp	6cf90d7a295914ffb0457c04d19e9fd61ca25382ded113a72322f8c586926ea3	U+884C	行	CJK UNIFIED IDEOGRAPH-884C	16	16	PRESENT
cn	16	app/assets/fonts/efontCN_16_subset.cpp	6cf90d7a295914ffb0457c04d19e9fd61ca25382ded113a72322f8c586926ea3	U+8981	要	CJK UNIFIED IDEOGRAPH-8981	16	16	PRESENT
cn	16	app/assets/fonts/efontCN_16_subset.cpp	6cf90d7a295914ffb0457c04d19e9fd61ca25382ded113a72322f8c586926ea3	U+89C6	视	CJK UNIFIED IDEOGRAPH-89C6	16	15	PRESENT
cn	16	app/assets/fonts/efontCN_16_subset.cpp	6cf90d7a295914ffb0457c04d19e9fd61ca25382ded113a72322f8c586926ea3	U+89C8	览	CJK UNIFIED IDEOGRAPH-89C8	16	15	PRESENT
cn	16	app/assets/fonts/efontCN_16_subset.cpp	6cf90d7a295914ffb0457c04d19e9fd61ca25382ded113a72322f8c586926ea3	U+89E6	触	CJK UNIFIED IDEOGRAPH-89E6	16	16	PRESENT
cn	16	app/assets/fonts/efontCN_16_subset.cpp	6cf90d7a295914ffb0457c04d19e9fd61ca25382ded113a72322f8c586926ea3	U+8A00	言	CJK UNIFIED IDEOGRAPH-8A00	16	16	PRESENT
cn	16	app/assets/fonts/efontCN_16_subset.cpp	6cf90d7a295914ffb0457c04d19e9fd61ca25382ded113a72322f8c586926ea3	U+8BA1	计	CJK UNIFIED IDEOGRAPH-8BA1	16	15	PRESENT
cn	16	app/assets/fonts/efontCN_16_subset.cpp	6cf90d7a295914ffb0457c04d19e9fd61ca25382ded113a72322f8c586926ea3	U+8BA4	认	CJK UNIFIED IDEOGRAPH-8BA4	16	15	PRESENT
cn	16	app/assets/fonts/efontCN_16_subset.cpp	6cf90d7a295914ffb0457c04d19e9fd61ca25382ded113a72322f8c586926ea3	U+8BBE	设	CJK UNIFIED IDEOGRAPH-8BBE	16	15	PRESENT
cn	16	app/assets/fonts/efontCN_16_subset.cpp	6cf90d7a295914ffb0457c04d19e9fd61ca25382ded113a72322f8c586926ea3	U+8BD1	译	CJK UNIFIED IDEOGRAPH-8BD1	16	15	PRESENT
cn	16	app/assets/fonts/efontCN_16_subset.cpp	6cf90d7a295914ffb0457c04d19e9fd61ca25382ded113a72322f8c586926ea3	U+8BE5	该	CJK UNIFIED IDEOGRAPH-8BE5	16	15	PRESENT
cn	16	app/assets/fonts/efontCN_16_subset.cpp	6cf90d7a295914ffb0457c04d19e9fd61ca25382ded113a72322f8c586926ea3	U+8BED	语	CJK UNIFIED IDEOGRAPH-8BED	16	15	PRESENT
cn	16	app/assets/fonts/efontCN_16_subset.cpp	6cf90d7a295914ffb0457c04d19e9fd61ca25382ded113a72322f8c586926ea3	U+8BF7	请	CJK UNIFIED IDEOGRAPH-8BF7	16	15	PRESENT
cn	16	app/assets/fonts/efontCN_16_subset.cpp	6cf90d7a295914ffb0457c04d19e9fd61ca25382ded113a72322f8c586926ea3	U+8C37	谷	CJK UNIFIED IDEOGRAPH-8C37	16	16	PRESENT
cn	16	app/assets/fonts/efontCN_16_subset.cpp	6cf90d7a295914ffb0457c04d19e9fd61ca25382ded113a72322f8c586926ea3	U+8F91	辑	CJK UNIFIED IDEOGRAPH-8F91	16	15	PRESENT
cn	16	app/assets/fonts/efontCN_16_subset.cpp	6cf90d7a295914ffb0457c04d19e9fd61ca25382ded113a72322f8c586926ea3	U+8F93	输	CJK UNIFIED IDEOGRAPH-8F93	16	15	PRESENT
cn	16	app/assets/fonts/efontCN_16_subset.cpp	6cf90d7a295914ffb0457c04d19e9fd61ca25382ded113a72322f8c586926ea3	U+8FD0	运	CJK UNIFIED IDEOGRAPH-8FD0	16	15	PRESENT
cn	16	app/assets/fonts/efontCN_16_subset.cpp	6cf90d7a295914ffb0457c04d19e9fd61ca25382ded113a72322f8c586926ea3	U+8FD4	返	CJK UNIFIED IDEOGRAPH-8FD4	16	16	PRESENT
cn	16	app/assets/fonts/efontCN_16_subset.cpp	6cf90d7a295914ffb0457c04d19e9fd61ca25382ded113a72322f8c586926ea3	U+8FD9	这	CJK UNIFIED IDEOGRAPH-8FD9	16	15	PRESENT
cn	16	app/assets/fonts/efontCN_16_subset.cpp	6cf90d7a295914ffb0457c04d19e9fd61ca25382ded113a72322f8c586926ea3	U+8FDB	进	CJK UNIFIED IDEOGRAPH-8FDB	16	15	PRESENT
cn	16	app/assets/fonts/efontCN_16_subset.cpp	6cf90d7a295914ffb0457c04d19e9fd61ca25382ded113a72322f8c586926ea3	U+8FDC	远	CJK UNIFIED IDEOGRAPH-8FDC	16	15	PRESENT
cn	16	app/assets/fonts/efontCN_16_subset.cpp	6cf90d7a295914ffb0457c04d19e9fd61ca25382ded113a72322f8c586926ea3	U+8FDE	连	CJK UNIFIED IDEOGRAPH-8FDE	16	15	PRESENT
cn	16	app/assets/fonts/efontCN_16_subset.cpp	6cf90d7a295914ffb0457c04d19e9fd61ca25382ded113a72322f8c586926ea3	U+9000	退	CJK UNIFIED IDEOGRAPH-9000	16	16	PRESENT
cn	16	app/assets/fonts/efontCN_16_subset.cpp	6cf90d7a295914ffb0457c04d19e9fd61ca25382ded113a72322f8c586926ea3	U+901F	速	CJK UNIFIED IDEOGRAPH-901F	16	16	PRESENT
cn	16	app/assets/fonts/efontCN_16_subset.cpp	6cf90d7a295914ffb0457c04d19e9fd61ca25382ded113a72322f8c586926ea3	U+9065	遥	CJK UNIFIED IDEOGRAPH-9065	16	16	PRESENT
cn	16	app/assets/fonts/efontCN_16_subset.cpp	6cf90d7a295914ffb0457c04d19e9fd61ca25382ded113a72322f8c586926ea3	U+90E8	部	CJK UNIFIED IDEOGRAPH-90E8	16	16	PRESENT
cn	16	app/assets/fonts/efontCN_16_subset.cpp	6cf90d7a295914ffb0457c04d19e9fd61ca25382ded113a72322f8c586926ea3	U+914D	配	CJK UNIFIED IDEOGRAPH-914D	16	16	PRESENT
cn	16	app/assets/fonts/efontCN_16_subset.cpp	6cf90d7a295914ffb0457c04d19e9fd61ca25382ded113a72322f8c586926ea3	U+91CD	重	CJK UNIFIED IDEOGRAPH-91CD	16	16	PRESENT
cn	16	app/assets/fonts/efontCN_16_subset.cpp	6cf90d7a295914ffb0457c04d19e9fd61ca25382ded113a72322f8c586926ea3	U+91CF	量	CJK UNIFIED IDEOGRAPH-91CF	16	16	PRESENT
cn	16	app/assets/fonts/efontCN_16_subset.cpp	6cf90d7a295914ffb0457c04d19e9fd61ca25382ded113a72322f8c586926ea3	U+94FE	链	CJK UNIFIED IDEOGRAPH-94FE	16	15	PRESENT
cn	16	app/assets/fonts/efontCN_16_subset.cpp	6cf90d7a295914ffb0457c04d19e9fd61ca25382ded113a72322f8c586926ea3	U+95ED	闭	CJK UNIFIED IDEOGRAPH-95ED	16	15	PRESENT
cn	16	app/assets/fonts/efontCN_16_subset.cpp	6cf90d7a295914ffb0457c04d19e9fd61ca25382ded113a72322f8c586926ea3	U+95F4	间	CJK UNIFIED IDEOGRAPH-95F4	16	15	PRESENT
cn	16	app/assets/fonts/efontCN_16_subset.cpp	6cf90d7a295914ffb0457c04d19e9fd61ca25382ded113a72322f8c586926ea3	U+9608	阈	CJK UNIFIED IDEOGRAPH-9608	16	15	PRESENT
cn	16	app/assets/fonts/efontCN_16_subset.cpp	6cf90d7a295914ffb0457c04d19e9fd61ca25382ded113a72322f8c586926ea3	U+9664	除	CJK UNIFIED IDEOGRAPH-9664	16	15	PRESENT
cn	16	app/assets/fonts/efontCN_16_subset.cpp	6cf90d7a295914ffb0457c04d19e9fd61ca25382ded113a72322f8c586926ea3	U+9700	需	CJK UNIFIED IDEOGRAPH-9700	16	15	PRESENT
cn	16	app/assets/fonts/efontCN_16_subset.cpp	6cf90d7a295914ffb0457c04d19e9fd61ca25382ded113a72322f8c586926ea3	U+9762	面	CJK UNIFIED IDEOGRAPH-9762	16	16	PRESENT
cn	16	app/assets/fonts/efontCN_16_subset.cpp	6cf90d7a295914ffb0457c04d19e9fd61ca25382ded113a72322f8c586926ea3	U+9875	页	CJK UNIFIED IDEOGRAPH-9875	16	15	PRESENT
cn	16	app/assets/fonts/efontCN_16_subset.cpp	6cf90d7a295914ffb0457c04d19e9fd61ca25382ded113a72322f8c586926ea3	U+9876	顶	CJK UNIFIED IDEOGRAPH-9876	16	15	PRESENT
cn	16	app/assets/fonts/efontCN_16_subset.cpp	6cf90d7a295914ffb0457c04d19e9fd61ca25382ded113a72322f8c586926ea3	U+9A6C	马	CJK UNIFIED IDEOGRAPH-9A6C	16	15	PRESENT
cn	16	app/assets/fonts/efontCN_16_subset.cpp	6cf90d7a295914ffb0457c04d19e9fd61ca25382ded113a72322f8c586926ea3	U+9AD8	高	CJK UNIFIED IDEOGRAPH-9AD8	16	16	PRESENT
cn	16	app/assets/fonts/efontCN_16_subset.cpp	6cf90d7a295914ffb0457c04d19e9fd61ca25382ded113a72322f8c586926ea3	U+9E23	鸣	CJK UNIFIED IDEOGRAPH-9E23	16	15	PRESENT
cn	16	app/assets/fonts/efontCN_16_subset.cpp	6cf90d7a295914ffb0457c04d19e9fd61ca25382ded113a72322f8c586926ea3	U+9ED8	默	CJK UNIFIED IDEOGRAPH-9ED8	16	16	PRESENT
cn	24	app/assets/fonts/efontCN_24_subset.cpp	820506eebb5227b3cef8444ab130d8616a3599596e3ee202775c4018e15f99c5	U+03BC	μ	GREEK SMALL LETTER MU	12	9	PRESENT
cn	24	app/assets/fonts/efontCN_24_subset.cpp	820506eebb5227b3cef8444ab130d8616a3599596e3ee202775c4018e15f99c5	U+4E0A	上	CJK UNIFIED IDEOGRAPH-4E0A	24	24	PRESENT
cn	24	app/assets/fonts/efontCN_24_subset.cpp	820506eebb5227b3cef8444ab130d8616a3599596e3ee202775c4018e15f99c5	U+4E2A	个	CJK UNIFIED IDEOGRAPH-4E2A	24	24	PRESENT
cn	24	app/assets/fonts/efontCN_24_subset.cpp	820506eebb5227b3cef8444ab130d8616a3599596e3ee202775c4018e15f99c5	U+4E2D	中	CJK UNIFIED IDEOGRAPH-4E2D	24	21	PRESENT
cn	24	app/assets/fonts/efontCN_24_subset.cpp	820506eebb5227b3cef8444ab130d8616a3599596e3ee202775c4018e15f99c5	U+4E8E	于	CJK UNIFIED IDEOGRAPH-4E8E	24	24	PRESENT
cn	24	app/assets/fonts/efontCN_24_subset.cpp	820506eebb5227b3cef8444ab130d8616a3599596e3ee202775c4018e15f99c5	U+4EAE	亮	CJK UNIFIED IDEOGRAPH-4EAE	24	24	PRESENT
cn	24	app/assets/fonts/efontCN_24_subset.cpp	820506eebb5227b3cef8444ab130d8616a3599596e3ee202775c4018e15f99c5	U+4EF6	件	CJK UNIFIED IDEOGRAPH-4EF6	24	24	PRESENT
cn	24	app/assets/fonts/efontCN_24_subset.cpp	820506eebb5227b3cef8444ab130d8616a3599596e3ee202775c4018e15f99c5	U+4EFD	份	CJK UNIFIED IDEOGRAPH-4EFD	24	23	PRESENT
cn	24	app/assets/fonts/efontCN_24_subset.cpp	820506eebb5227b3cef8444ab130d8616a3599596e3ee202775c4018e15f99c5	U+4F20	传	CJK UNIFIED IDEOGRAPH-4F20	24	23	PRESENT
cn	24	app/assets/fonts/efontCN_24_subset.cpp	820506eebb5227b3cef8444ab130d8616a3599596e3ee202775c4018e15f99c5	U+4F4E	低	CJK UNIFIED IDEOGRAPH-4F4E	24	24	PRESENT
cn	24	app/assets/fonts/efontCN_24_subset.cpp	820506eebb5227b3cef8444ab130d8616a3599596e3ee202775c4018e15f99c5	U+4F7F	使	CJK UNIFIED IDEOGRAPH-4F7F	24	24	PRESENT
cn	24	app/assets/fonts/efontCN_24_subset.cpp	820506eebb5227b3cef8444ab130d8616a3599596e3ee202775c4018e15f99c5	U+4FDD	保	CJK UNIFIED IDEOGRAPH-4FDD	24	24	PRESENT
cn	24	app/assets/fonts/efontCN_24_subset.cpp	820506eebb5227b3cef8444ab130d8616a3599596e3ee202775c4018e15f99c5	U+4FE1	信	CJK UNIFIED IDEOGRAPH-4FE1	24	24	PRESENT
cn	24	app/assets/fonts/efontCN_24_subset.cpp	820506eebb5227b3cef8444ab130d8616a3599596e3ee202775c4018e15f99c5	U+503C	值	CJK UNIFIED IDEOGRAPH-503C	24	23	PRESENT
cn	24	app/assets/fonts/efontCN_24_subset.cpp	820506eebb5227b3cef8444ab130d8616a3599596e3ee202775c4018e15f99c5	U+5165	入	CJK UNIFIED IDEOGRAPH-5165	24	24	PRESENT
cn	24	app/assets/fonts/efontCN_24_subset.cpp	820506eebb5227b3cef8444ab130d8616a3599596e3ee202775c4018e15f99c5	U+5173	关	CJK UNIFIED IDEOGRAPH-5173	24	21	PRESENT
cn	24	app/assets/fonts/efontCN_24_subset.cpp	820506eebb5227b3cef8444ab130d8616a3599596e3ee202775c4018e15f99c5	U+51C6	准	CJK UNIFIED IDEOGRAPH-51C6	24	24	PRESENT
cn	24	app/assets/fonts/efontCN_24_subset.cpp	820506eebb5227b3cef8444ab130d8616a3599596e3ee202775c4018e15f99c5	U+51FA	出	CJK UNIFIED IDEOGRAPH-51FA	24	21	PRESENT
cn	24	app/assets/fonts/efontCN_24_subset.cpp	820506eebb5227b3cef8444ab130d8616a3599596e3ee202775c4018e15f99c5	U+51FB	击	CJK UNIFIED IDEOGRAPH-51FB	24	22	PRESENT
cn	24	app/assets/fonts/efontCN_24_subset.cpp	820506eebb5227b3cef8444ab130d8616a3599596e3ee202775c4018e15f99c5	U+5206	分	CJK UNIFIED IDEOGRAPH-5206	24	24	PRESENT
cn	24	app/assets/fonts/efontCN_24_subset.cpp	820506eebb5227b3cef8444ab130d8616a3599596e3ee202775c4018e15f99c5	U+5220	删	CJK UNIFIED IDEOGRAPH-5220	24	22	PRESENT
cn	24	app/assets/fonts/efontCN_24_subset.cpp	820506eebb5227b3cef8444ab130d8616a3599596e3ee202775c4018e15f99c5	U+5230	到	CJK UNIFIED IDEOGRAPH-5230	24	23	PRESENT
cn	24	app/assets/fonts/efontCN_24_subset.cpp	820506eebb5227b3cef8444ab130d8616a3599596e3ee202775c4018e15f99c5	U+5236	制	CJK UNIFIED IDEOGRAPH-5236	24	23	PRESENT
cn	24	app/assets/fonts/efontCN_24_subset.cpp	820506eebb5227b3cef8444ab130d8616a3599596e3ee202775c4018e15f99c5	U+5237	刷	CJK UNIFIED IDEOGRAPH-5237	24	24	PRESENT
cn	24	app/assets/fonts/efontCN_24_subset.cpp	820506eebb5227b3cef8444ab130d8616a3599596e3ee202775c4018e15f99c5	U+524D	前	CJK UNIFIED IDEOGRAPH-524D	24	24	PRESENT
cn	24	app/assets/fonts/efontCN_24_subset.cpp	820506eebb5227b3cef8444ab130d8616a3599596e3ee202775c4018e15f99c5	U+529F	功	CJK UNIFIED IDEOGRAPH-529F	24	24	PRESENT
cn	24	app/assets/fonts/efontCN_24_subset.cpp	820506eebb5227b3cef8444ab130d8616a3599596e3ee202775c4018e15f99c5	U+52A8	动	CJK UNIFIED IDEOGRAPH-52A8	24	22	PRESENT
cn	24	app/assets/fonts/efontCN_24_subset.cpp	820506eebb5227b3cef8444ab130d8616a3599596e3ee202775c4018e15f99c5	U+5347	升	CJK UNIFIED IDEOGRAPH-5347	24	24	PRESENT
cn	24	app/assets/fonts/efontCN_24_subset.cpp	820506eebb5227b3cef8444ab130d8616a3599596e3ee202775c4018e15f99c5	U+5355	单	CJK UNIFIED IDEOGRAPH-5355	24	22	PRESENT
cn	24	app/assets/fonts/efontCN_24_subset.cpp	820506eebb5227b3cef8444ab130d8616a3599596e3ee202775c4018e15f99c5	U+538B	压	CJK UNIFIED IDEOGRAPH-538B	24	22	PRESENT
cn	24	app/assets/fonts/efontCN_24_subset.cpp	820506eebb5227b3cef8444ab130d8616a3599596e3ee202775c4018e15f99c5	U+53CD	反	CJK UNIFIED IDEOGRAPH-53CD	24	24	PRESENT
cn	24	app/assets/fonts/efontCN_24_subset.cpp	820506eebb5227b3cef8444ab130d8616a3599596e3ee202775c4018e15f99c5	U+53D1	发	CJK UNIFIED IDEOGRAPH-53D1	24	22	PRESENT
cn	24	app/assets/fonts/efontCN_24_subset.cpp	820506eebb5227b3cef8444ab130d8616a3599596e3ee202775c4018e15f99c5	U+53E3	口	CJK UNIFIED IDEOGRAPH-53E3	24	19	PRESENT
cn	24	app/assets/fonts/efontCN_24_subset.cpp	820506eebb5227b3cef8444ab130d8616a3599596e3ee202775c4018e15f99c5	U+53EA	只	CJK UNIFIED IDEOGRAPH-53EA	24	22	PRESENT
cn	24	app/assets/fonts/efontCN_24_subset.cpp	820506eebb5227b3cef8444ab130d8616a3599596e3ee202775c4018e15f99c5	U+5411	向	CJK UNIFIED IDEOGRAPH-5411	24	21	PRESENT
cn	24	app/assets/fonts/efontCN_24_subset.cpp	820506eebb5227b3cef8444ab130d8616a3599596e3ee202775c4018e15f99c5	U+5426	否	CJK UNIFIED IDEOGRAPH-5426	24	24	PRESENT
cn	24	app/assets/fonts/efontCN_24_subset.cpp	820506eebb5227b3cef8444ab130d8616a3599596e3ee202775c4018e15f99c5	U+542F	启	CJK UNIFIED IDEOGRAPH-542F	24	22	PRESENT
cn	24	app/assets/fonts/efontCN_24_subset.cpp	820506eebb5227b3cef8444ab130d8616a3599596e3ee202775c4018e15f99c5	U+5668	器	CJK UNIFIED IDEOGRAPH-5668	24	24	PRESENT
cn	24	app/assets/fonts/efontCN_24_subset.cpp	820506eebb5227b3cef8444ab130d8616a3599596e3ee202775c4018e15f99c5	U+56DE	回	CJK UNIFIED IDEOGRAPH-56DE	24	21	PRESENT
cn	24	app/assets/fonts/efontCN_24_subset.cpp	820506eebb5227b3cef8444ab130d8616a3599596e3ee202775c4018e15f99c5	U+56FA	固	CJK UNIFIED IDEOGRAPH-56FA	24	23	PRESENT
cn	24	app/assets/fonts/efontCN_24_subset.cpp	820506eebb5227b3cef8444ab130d8616a3599596e3ee202775c4018e15f99c5	U+5728	在	CJK UNIFIED IDEOGRAPH-5728	24	24	PRESENT
cn	24	app/assets/fonts/efontCN_24_subset.cpp	820506eebb5227b3cef8444ab130d8616a3599596e3ee202775c4018e15f99c5	U+5747	均	CJK UNIFIED IDEOGRAPH-5747	24	24	PRESENT
cn	24	app/assets/fonts/efontCN_24_subset.cpp	820506eebb5227b3cef8444ab130d8616a3599596e3ee202775c4018e15f99c5	U+578B	型	CJK UNIFIED IDEOGRAPH-578B	24	24	PRESENT
cn	24	app/assets/fonts/efontCN_24_subset.cpp	820506eebb5227b3cef8444ab130d8616a3599596e3ee202775c4018e15f99c5	U+57DF	域	CJK UNIFIED IDEOGRAPH-57DF	24	24	PRESENT
cn	24	app/assets/fonts/efontCN_24_subset.cpp	820506eebb5227b3cef8444ab130d8616a3599596e3ee202775c4018e15f99c5	U+5907	备	CJK UNIFIED IDEOGRAPH-5907	24	23	PRESENT
cn	24	app/assets/fonts/efontCN_24_subset.cpp	820506eebb5227b3cef8444ab130d8616a3599596e3ee202775c4018e15f99c5	U+597D	好	CJK UNIFIED IDEOGRAPH-597D	24	24	PRESENT
cn	24	app/assets/fonts/efontCN_24_subset.cpp	820506eebb5227b3cef8444ab130d8616a3599596e3ee202775c4018e15f99c5	U+5B58	存	CJK UNIFIED IDEOGRAPH-5B58	24	24	PRESENT
cn	24	app/assets/fonts/efontCN_24_subset.cpp	820506eebb5227b3cef8444ab130d8616a3599596e3ee202775c4018e15f99c5	U+5B8C	完	CJK UNIFIED IDEOGRAPH-5B8C	24	24	PRESENT
cn	24	app/assets/fonts/efontCN_24_subset.cpp	820506eebb5227b3cef8444ab130d8616a3599596e3ee202775c4018e15f99c5	U+5BB9	容	CJK UNIFIED IDEOGRAPH-5BB9	24	24	PRESENT
cn	24	app/assets/fonts/efontCN_24_subset.cpp	820506eebb5227b3cef8444ab130d8616a3599596e3ee202775c4018e15f99c5	U+5C40	局	CJK UNIFIED IDEOGRAPH-5C40	24	23	PRESENT
cn	24	app/assets/fonts/efontCN_24_subset.cpp	820506eebb5227b3cef8444ab130d8616a3599596e3ee202775c4018e15f99c5	U+5C4F	屏	CJK UNIFIED IDEOGRAPH-5C4F	24	24	PRESENT
cn	24	app/assets/fonts/efontCN_24_subset.cpp	820506eebb5227b3cef8444ab130d8616a3599596e3ee202775c4018e15f99c5	U+5CF0	峰	CJK UNIFIED IDEOGRAPH-5CF0	24	23	PRESENT
cn	24	app/assets/fonts/efontCN_24_subset.cpp	820506eebb5227b3cef8444ab130d8616a3599596e3ee202775c4018e15f99c5	U+5DF2	已	CJK UNIFIED IDEOGRAPH-5DF2	24	22	PRESENT
cn	24	app/assets/fonts/efontCN_24_subset.cpp	820506eebb5227b3cef8444ab130d8616a3599596e3ee202775c4018e15f99c5	U+5E38	常	CJK UNIFIED IDEOGRAPH-5E38	24	23	PRESENT
cn	24	app/assets/fonts/efontCN_24_subset.cpp	820506eebb5227b3cef8444ab130d8616a3599596e3ee202775c4018e15f99c5	U+5E73	平	CJK UNIFIED IDEOGRAPH-5E73	24	24	PRESENT
cn	24	app/assets/fonts/efontCN_24_subset.cpp	820506eebb5227b3cef8444ab130d8616a3599596e3ee202775c4018e15f99c5	U+5E76	并	CJK UNIFIED IDEOGRAPH-5E76	24	24	PRESENT
cn	24	app/assets/fonts/efontCN_24_subset.cpp	820506eebb5227b3cef8444ab130d8616a3599596e3ee202775c4018e15f99c5	U+5EA6	度	CJK UNIFIED IDEOGRAPH-5EA6	24	24	PRESENT
cn	24	app/assets/fonts/efontCN_24_subset.cpp	820506eebb5227b3cef8444ab130d8616a3599596e3ee202775c4018e15f99c5	U+5F00	开	CJK UNIFIED IDEOGRAPH-5F00	24	22	PRESENT
cn	24	app/assets/fonts/efontCN_24_subset.cpp	820506eebb5227b3cef8444ab130d8616a3599596e3ee202775c4018e15f99c5	U+5F0F	式	CJK UNIFIED IDEOGRAPH-5F0F	24	24	PRESENT
cn	24	app/assets/fonts/efontCN_24_subset.cpp	820506eebb5227b3cef8444ab130d8616a3599596e3ee202775c4018e15f99c5	U+5F39	弹	CJK UNIFIED IDEOGRAPH-5F39	24	22	PRESENT
cn	24	app/assets/fonts/efontCN_24_subset.cpp	820506eebb5227b3cef8444ab130d8616a3599596e3ee202775c4018e15f99c5	U+5F55	录	CJK UNIFIED IDEOGRAPH-5F55	24	22	PRESENT
cn	24	app/assets/fonts/efontCN_24_subset.cpp	820506eebb5227b3cef8444ab130d8616a3599596e3ee202775c4018e15f99c5	U+5F62	形	CJK UNIFIED IDEOGRAPH-5F62	24	24	PRESENT
cn	24	app/assets/fonts/efontCN_24_subset.cpp	820506eebb5227b3cef8444ab130d8616a3599596e3ee202775c4018e15f99c5	U+5F85	待	CJK UNIFIED IDEOGRAPH-5F85	24	24	PRESENT
cn	24	app/assets/fonts/efontCN_24_subset.cpp	820506eebb5227b3cef8444ab130d8616a3599596e3ee202775c4018e15f99c5	U+603B	总	CJK UNIFIED IDEOGRAPH-603B	24	22	PRESENT
cn	24	app/assets/fonts/efontCN_24_subset.cpp	820506eebb5227b3cef8444ab130d8616a3599596e3ee202775c4018e15f99c5	U+606F	息	CJK UNIFIED IDEOGRAPH-606F	24	24	PRESENT
cn	24	app/assets/fonts/efontCN_24_subset.cpp	820506eebb5227b3cef8444ab130d8616a3599596e3ee202775c4018e15f99c5	U+6210	成	CJK UNIFIED IDEOGRAPH-6210	24	24	PRESENT
cn	24	app/assets/fonts/efontCN_24_subset.cpp	820506eebb5227b3cef8444ab130d8616a3599596e3ee202775c4018e15f99c5	U+624B	手	CJK UNIFIED IDEOGRAPH-624B	24	24	PRESENT
cn	24	app/assets/fonts/efontCN_24_subset.cpp	820506eebb5227b3cef8444ab130d8616a3599596e3ee202775c4018e15f99c5	U+6253	打	CJK UNIFIED IDEOGRAPH-6253	24	24	PRESENT
cn	24	app/assets/fonts/efontCN_24_subset.cpp	820506eebb5227b3cef8444ab130d8616a3599596e3ee202775c4018e15f99c5	U+63A5	接	CJK UNIFIED IDEOGRAPH-63A5	24	24	PRESENT
cn	24	app/assets/fonts/efontCN_24_subset.cpp	820506eebb5227b3cef8444ab130d8616a3599596e3ee202775c4018e15f99c5	U+63A7	控	CJK UNIFIED IDEOGRAPH-63A7	24	24	PRESENT
cn	24	app/assets/fonts/efontCN_24_subset.cpp	820506eebb5227b3cef8444ab130d8616a3599596e3ee202775c4018e15f99c5	U+63D0	提	CJK UNIFIED IDEOGRAPH-63D0	24	24	PRESENT
cn	24	app/assets/fonts/efontCN_24_subset.cpp	820506eebb5227b3cef8444ab130d8616a3599596e3ee202775c4018e15f99c5	U+6539	改	CJK UNIFIED IDEOGRAPH-6539	24	24	PRESENT
cn	24	app/assets/fonts/efontCN_24_subset.cpp	820506eebb5227b3cef8444ab130d8616a3599596e3ee202775c4018e15f99c5	U+6587	文	CJK UNIFIED IDEOGRAPH-6587	24	24	PRESENT
cn	24	app/assets/fonts/efontCN_24_subset.cpp	820506eebb5227b3cef8444ab130d8616a3599596e3ee202775c4018e15f99c5	U+65B0	新	CJK UNIFIED IDEOGRAPH-65B0	24	24	PRESENT
cn	24	app/assets/fonts/efontCN_24_subset.cpp	820506eebb5227b3cef8444ab130d8616a3599596e3ee202775c4018e15f99c5	U+65B9	方	CJK UNIFIED IDEOGRAPH-65B9	24	24	PRESENT
cn	24	app/assets/fonts/efontCN_24_subset.cpp	820506eebb5227b3cef8444ab130d8616a3599596e3ee202775c4018e15f99c5	U+65E0	无	CJK UNIFIED IDEOGRAPH-65E0	24	24	PRESENT
cn	24	app/assets/fonts/efontCN_24_subset.cpp	820506eebb5227b3cef8444ab130d8616a3599596e3ee202775c4018e15f99c5	U+65E5	日	CJK UNIFIED IDEOGRAPH-65E5	24	17	PRESENT
cn	24	app/assets/fonts/efontCN_24_subset.cpp	820506eebb5227b3cef8444ab130d8616a3599596e3ee202775c4018e15f99c5	U+65F6	时	CJK UNIFIED IDEOGRAPH-65F6	24	21	PRESENT
cn	24	app/assets/fonts/efontCN_24_subset.cpp	820506eebb5227b3cef8444ab130d8616a3599596e3ee202775c4018e15f99c5	U+662F	是	CJK UNIFIED IDEOGRAPH-662F	24	24	PRESENT
cn	24	app/assets/fonts/efontCN_24_subset.cpp	820506eebb5227b3cef8444ab130d8616a3599596e3ee202775c4018e15f99c5	U+663E	显	CJK UNIFIED IDEOGRAPH-663E	24	22	PRESENT
cn	24	app/assets/fonts/efontCN_24_subset.cpp	820506eebb5227b3cef8444ab130d8616a3599596e3ee202775c4018e15f99c5	U+66F4	更	CJK UNIFIED IDEOGRAPH-66F4	24	24	PRESENT
cn	24	app/assets/fonts/efontCN_24_subset.cpp	820506eebb5227b3cef8444ab130d8616a3599596e3ee202775c4018e15f99c5	U+6700	最	CJK UNIFIED IDEOGRAPH-6700	24	24	PRESENT
cn	24	app/assets/fonts/efontCN_24_subset.cpp	820506eebb5227b3cef8444ab130d8616a3599596e3ee202775c4018e15f99c5	U+6709	有	CJK UNIFIED IDEOGRAPH-6709	24	24	PRESENT
cn	24	app/assets/fonts/efontCN_24_subset.cpp	820506eebb5227b3cef8444ab130d8616a3599596e3ee202775c4018e15f99c5	U+672C	本	CJK UNIFIED IDEOGRAPH-672C	24	24	PRESENT
cn	24	app/assets/fonts/efontCN_24_subset.cpp	820506eebb5227b3cef8444ab130d8616a3599596e3ee202775c4018e15f99c5	U+6821	校	CJK UNIFIED IDEOGRAPH-6821	24	24	PRESENT
cn	24	app/assets/fonts/efontCN_24_subset.cpp	820506eebb5227b3cef8444ab130d8616a3599596e3ee202775c4018e15f99c5	U+6A21	模	CJK UNIFIED IDEOGRAPH-6A21	24	24	PRESENT
cn	24	app/assets/fonts/efontCN_24_subset.cpp	820506eebb5227b3cef8444ab130d8616a3599596e3ee202775c4018e15f99c5	U+6B63	正	CJK UNIFIED IDEOGRAPH-6B63	24	24	PRESENT
cn	24	app/assets/fonts/efontCN_24_subset.cpp	820506eebb5227b3cef8444ab130d8616a3599596e3ee202775c4018e15f99c5	U+6CA1	没	CJK UNIFIED IDEOGRAPH-6CA1	24	24	PRESENT
cn	24	app/assets/fonts/efontCN_24_subset.cpp	820506eebb5227b3cef8444ab130d8616a3599596e3ee202775c4018e15f99c5	U+6CE2	波	CJK UNIFIED IDEOGRAPH-6CE2	24	24	PRESENT
cn	24	app/assets/fonts/efontCN_24_subset.cpp	820506eebb5227b3cef8444ab130d8616a3599596e3ee202775c4018e15f99c5	U+6D41	流	CJK UNIFIED IDEOGRAPH-6D41	24	24	PRESENT
cn	24	app/assets/fonts/efontCN_24_subset.cpp	820506eebb5227b3cef8444ab130d8616a3599596e3ee202775c4018e15f99c5	U+6D4F	浏	CJK UNIFIED IDEOGRAPH-6D4F	24	23	PRESENT
cn	24	app/assets/fonts/efontCN_24_subset.cpp	820506eebb5227b3cef8444ab130d8616a3599596e3ee202775c4018e15f99c5	U+6E90	源	CJK UNIFIED IDEOGRAPH-6E90	24	24	PRESENT
cn	24	app/assets/fonts/efontCN_24_subset.cpp	820506eebb5227b3cef8444ab130d8616a3599596e3ee202775c4018e15f99c5	U+70B9	点	CJK UNIFIED IDEOGRAPH-70B9	24	24	PRESENT
cn	24	app/assets/fonts/efontCN_24_subset.cpp	820506eebb5227b3cef8444ab130d8616a3599596e3ee202775c4018e15f99c5	U+70ED	热	CJK UNIFIED IDEOGRAPH-70ED	24	22	PRESENT
cn	24	app/assets/fonts/efontCN_24_subset.cpp	820506eebb5227b3cef8444ab130d8616a3599596e3ee202775c4018e15f99c5	U+7248	版	CJK UNIFIED IDEOGRAPH-7248	24	24	PRESENT
cn	24	app/assets/fonts/efontCN_24_subset.cpp	820506eebb5227b3cef8444ab130d8616a3599596e3ee202775c4018e15f99c5	U+7387	率	CJK UNIFIED IDEOGRAPH-7387	24	24	PRESENT
cn	24	app/assets/fonts/efontCN_24_subset.cpp	820506eebb5227b3cef8444ab130d8616a3599596e3ee202775c4018e15f99c5	U+7528	用	CJK UNIFIED IDEOGRAPH-7528	24	23	PRESENT
cn	24	app/assets/fonts/efontCN_24_subset.cpp	820506eebb5227b3cef8444ab130d8616a3599596e3ee202775c4018e15f99c5	U+7535	电	CJK UNIFIED IDEOGRAPH-7535	24	20	PRESENT
cn	24	app/assets/fonts/efontCN_24_subset.cpp	820506eebb5227b3cef8444ab130d8616a3599596e3ee202775c4018e15f99c5	U+753B	画	CJK UNIFIED IDEOGRAPH-753B	24	24	PRESENT
cn	24	app/assets/fonts/efontCN_24_subset.cpp	820506eebb5227b3cef8444ab130d8616a3599596e3ee202775c4018e15f99c5	U+7684	的	CJK UNIFIED IDEOGRAPH-7684	24	23	PRESENT
cn	24	app/assets/fonts/efontCN_24_subset.cpp	820506eebb5227b3cef8444ab130d8616a3599596e3ee202775c4018e15f99c5	U+76D1	监	CJK UNIFIED IDEOGRAPH-76D1	24	22	PRESENT
cn	24	app/assets/fonts/efontCN_24_subset.cpp	820506eebb5227b3cef8444ab130d8616a3599596e3ee202775c4018e15f99c5	U+76D8	盘	CJK UNIFIED IDEOGRAPH-76D8	24	22	PRESENT
cn	24	app/assets/fonts/efontCN_24_subset.cpp	820506eebb5227b3cef8444ab130d8616a3599596e3ee202775c4018e15f99c5	U+7801	码	CJK UNIFIED IDEOGRAPH-7801	24	23	PRESENT
cn	24	app/assets/fonts/efontCN_24_subset.cpp	820506eebb5227b3cef8444ab130d8616a3599596e3ee202775c4018e15f99c5	U+793A	示	CJK UNIFIED IDEOGRAPH-793A	24	24	PRESENT
cn	24	app/assets/fonts/efontCN_24_subset.cpp	820506eebb5227b3cef8444ab130d8616a3599596e3ee202775c4018e15f99c5	U+7A0B	程	CJK UNIFIED IDEOGRAPH-7A0B	24	24	PRESENT
cn	24	app/assets/fonts/efontCN_24_subset.cpp	820506eebb5227b3cef8444ab130d8616a3599596e3ee202775c4018e15f99c5	U+7B49	等	CJK UNIFIED IDEOGRAPH-7B49	24	24	PRESENT
cn	24	app/assets/fonts/efontCN_24_subset.cpp	820506eebb5227b3cef8444ab130d8616a3599596e3ee202775c4018e15f99c5	U+7C7B	类	CJK UNIFIED IDEOGRAPH-7C7B	24	22	PRESENT
cn	24	app/assets/fonts/efontCN_24_subset.cpp	820506eebb5227b3cef8444ab130d8616a3599596e3ee202775c4018e15f99c5	U+7CFB	系	CJK UNIFIED IDEOGRAPH-7CFB	24	23	PRESENT
cn	24	app/assets/fonts/efontCN_24_subset.cpp	820506eebb5227b3cef8444ab130d8616a3599596e3ee202775c4018e15f99c5	U+7EA7	级	CJK UNIFIED IDEOGRAPH-7EA7	24	22	PRESENT
cn	24	app/assets/fonts/efontCN_24_subset.cpp	820506eebb5227b3cef8444ab130d8616a3599596e3ee202775c4018e15f99c5	U+7EBF	线	CJK UNIFIED IDEOGRAPH-7EBF	24	22	PRESENT
cn	24	app/assets/fonts/efontCN_24_subset.cpp	820506eebb5227b3cef8444ab130d8616a3599596e3ee202775c4018e15f99c5	U+7EDC	络	CJK UNIFIED IDEOGRAPH-7EDC	24	24	PRESENT
cn	24	app/assets/fonts/efontCN_24_subset.cpp	820506eebb5227b3cef8444ab130d8616a3599596e3ee202775c4018e15f99c5	U+7EDF	统	CJK UNIFIED IDEOGRAPH-7EDF	24	22	PRESENT
cn	24	app/assets/fonts/efontCN_24_subset.cpp	820506eebb5227b3cef8444ab130d8616a3599596e3ee202775c4018e15f99c5	U+7EE7	继	CJK UNIFIED IDEOGRAPH-7EE7	24	22	PRESENT
cn	24	app/assets/fonts/efontCN_24_subset.cpp	820506eebb5227b3cef8444ab130d8616a3599596e3ee202775c4018e15f99c5	U+7EED	续	CJK UNIFIED IDEOGRAPH-7EED	24	22	PRESENT
cn	24	app/assets/fonts/efontCN_24_subset.cpp	820506eebb5227b3cef8444ab130d8616a3599596e3ee202775c4018e15f99c5	U+7F16	编	CJK UNIFIED IDEOGRAPH-7F16	24	22	PRESENT
cn	24	app/assets/fonts/efontCN_24_subset.cpp	820506eebb5227b3cef8444ab130d8616a3599596e3ee202775c4018e15f99c5	U+7F51	网	CJK UNIFIED IDEOGRAPH-7F51	24	23	PRESENT
cn	24	app/assets/fonts/efontCN_24_subset.cpp	820506eebb5227b3cef8444ab130d8616a3599596e3ee202775c4018e15f99c5	U+7F6E	置	CJK UNIFIED IDEOGRAPH-7F6E	24	24	PRESENT
cn	24	app/assets/fonts/efontCN_24_subset.cpp	820506eebb5227b3cef8444ab130d8616a3599596e3ee202775c4018e15f99c5	U+80FD	能	CJK UNIFIED IDEOGRAPH-80FD	24	24	PRESENT
cn	24	app/assets/fonts/efontCN_24_subset.cpp	820506eebb5227b3cef8444ab130d8616a3599596e3ee202775c4018e15f99c5	U+8111	脑	CJK UNIFIED IDEOGRAPH-8111	24	23	PRESENT
cn	24	app/assets/fonts/efontCN_24_subset.cpp	820506eebb5227b3cef8444ab130d8616a3599596e3ee202775c4018e15f99c5	U+82F1	英	CJK UNIFIED IDEOGRAPH-82F1	24	24	PRESENT
cn	24	app/assets/fonts/efontCN_24_subset.cpp	820506eebb5227b3cef8444ab130d8616a3599596e3ee202775c4018e15f99c5	U+8702	蜂	CJK UNIFIED IDEOGRAPH-8702	24	24	PRESENT
cn	24	app/assets/fonts/efontCN_24_subset.cpp	820506eebb5227b3cef8444ab130d8616a3599596e3ee202775c4018e15f99c5	U+884C	行	CJK UNIFIED IDEOGRAPH-884C	24	24	PRESENT
cn	24	app/assets/fonts/efontCN_24_subset.cpp	820506eebb5227b3cef8444ab130d8616a3599596e3ee202775c4018e15f99c5	U+8981	要	CJK UNIFIED IDEOGRAPH-8981	24	24	PRESENT
cn	24	app/assets/fonts/efontCN_24_subset.cpp	820506eebb5227b3cef8444ab130d8616a3599596e3ee202775c4018e15f99c5	U+89C6	视	CJK UNIFIED IDEOGRAPH-89C6	24	23	PRESENT
cn	24	app/assets/fonts/efontCN_24_subset.cpp	820506eebb5227b3cef8444ab130d8616a3599596e3ee202775c4018e15f99c5	U+89C8	览	CJK UNIFIED IDEOGRAPH-89C8	24	22	PRESENT
cn	24	app/assets/fonts/efontCN_24_subset.cpp	820506eebb5227b3cef8444ab130d8616a3599596e3ee202775c4018e15f99c5	U+89E6	触	CJK UNIFIED IDEOGRAPH-89E6	24	24	PRESENT
cn	24	app/assets/fonts/efontCN_24_subset.cpp	820506eebb5227b3cef8444ab130d8616a3599596e3ee202775c4018e15f99c5	U+8A00	言	CJK UNIFIED IDEOGRAPH-8A00	24	24	PRESENT
cn	24	app/assets/fonts/efontCN_24_subset.cpp	820506eebb5227b3cef8444ab130d8616a3599596e3ee202775c4018e15f99c5	U+8BA1	计	CJK UNIFIED IDEOGRAPH-8BA1	24	22	PRESENT
cn	24	app/assets/fonts/efontCN_24_subset.cpp	820506eebb5227b3cef8444ab130d8616a3599596e3ee202775c4018e15f99c5	U+8BA4	认	CJK UNIFIED IDEOGRAPH-8BA4	24	23	PRESENT
cn	24	app/assets/fonts/efontCN_24_subset.cpp	820506eebb5227b3cef8444ab130d8616a3599596e3ee202775c4018e15f99c5	U+8BBE	设	CJK UNIFIED IDEOGRAPH-8BBE	24	23	PRESENT
cn	24	app/assets/fonts/efontCN_24_subset.cpp	820506eebb5227b3cef8444ab130d8616a3599596e3ee202775c4018e15f99c5	U+8BD1	译	CJK UNIFIED IDEOGRAPH-8BD1	24	24	PRESENT
cn	24	app/assets/fonts/efontCN_24_subset.cpp	820506eebb5227b3cef8444ab130d8616a3599596e3ee202775c4018e15f99c5	U+8BE5	该	CJK UNIFIED IDEOGRAPH-8BE5	24	23	PRESENT
cn	24	app/assets/fonts/efontCN_24_subset.cpp	820506eebb5227b3cef8444ab130d8616a3599596e3ee202775c4018e15f99c5	U+8BED	语	CJK UNIFIED IDEOGRAPH-8BED	24	23	PRESENT
cn	24	app/assets/fonts/efontCN_24_subset.cpp	820506eebb5227b3cef8444ab130d8616a3599596e3ee202775c4018e15f99c5	U+8BF7	请	CJK UNIFIED IDEOGRAPH-8BF7	24	23	PRESENT
cn	24	app/assets/fonts/efontCN_24_subset.cpp	820506eebb5227b3cef8444ab130d8616a3599596e3ee202775c4018e15f99c5	U+8C37	谷	CJK UNIFIED IDEOGRAPH-8C37	24	24	PRESENT
cn	24	app/assets/fonts/efontCN_24_subset.cpp	820506eebb5227b3cef8444ab130d8616a3599596e3ee202775c4018e15f99c5	U+8F91	辑	CJK UNIFIED IDEOGRAPH-8F91	24	23	PRESENT
cn	24	app/assets/fonts/efontCN_24_subset.cpp	820506eebb5227b3cef8444ab130d8616a3599596e3ee202775c4018e15f99c5	U+8F93	输	CJK UNIFIED IDEOGRAPH-8F93	24	24	PRESENT
cn	24	app/assets/fonts/efontCN_24_subset.cpp	820506eebb5227b3cef8444ab130d8616a3599596e3ee202775c4018e15f99c5	U+8FD0	运	CJK UNIFIED IDEOGRAPH-8FD0	24	23	PRESENT
cn	24	app/assets/fonts/efontCN_24_subset.cpp	820506eebb5227b3cef8444ab130d8616a3599596e3ee202775c4018e15f99c5	U+8FD4	返	CJK UNIFIED IDEOGRAPH-8FD4	24	24	PRESENT
cn	24	app/assets/fonts/efontCN_24_subset.cpp	820506eebb5227b3cef8444ab130d8616a3599596e3ee202775c4018e15f99c5	U+8FD9	这	CJK UNIFIED IDEOGRAPH-8FD9	24	23	PRESENT
cn	24	app/assets/fonts/efontCN_24_subset.cpp	820506eebb5227b3cef8444ab130d8616a3599596e3ee202775c4018e15f99c5	U+8FDB	进	CJK UNIFIED IDEOGRAPH-8FDB	24	23	PRESENT
cn	24	app/assets/fonts/efontCN_24_subset.cpp	820506eebb5227b3cef8444ab130d8616a3599596e3ee202775c4018e15f99c5	U+8FDC	远	CJK UNIFIED IDEOGRAPH-8FDC	24	24	PRESENT
cn	24	app/assets/fonts/efontCN_24_subset.cpp	820506eebb5227b3cef8444ab130d8616a3599596e3ee202775c4018e15f99c5	U+8FDE	连	CJK UNIFIED IDEOGRAPH-8FDE	24	23	PRESENT
cn	24	app/assets/fonts/efontCN_24_subset.cpp	820506eebb5227b3cef8444ab130d8616a3599596e3ee202775c4018e15f99c5	U+9000	退	CJK UNIFIED IDEOGRAPH-9000	24	24	PRESENT
cn	24	app/assets/fonts/efontCN_24_subset.cpp	820506eebb5227b3cef8444ab130d8616a3599596e3ee202775c4018e15f99c5	U+901F	速	CJK UNIFIED IDEOGRAPH-901F	24	24	PRESENT
cn	24	app/assets/fonts/efontCN_24_subset.cpp	820506eebb5227b3cef8444ab130d8616a3599596e3ee202775c4018e15f99c5	U+9065	遥	CJK UNIFIED IDEOGRAPH-9065	24	24	PRESENT
cn	24	app/assets/fonts/efontCN_24_subset.cpp	820506eebb5227b3cef8444ab130d8616a3599596e3ee202775c4018e15f99c5	U+90E8	部	CJK UNIFIED IDEOGRAPH-90E8	24	24	PRESENT
cn	24	app/assets/fonts/efontCN_24_subset.cpp	820506eebb5227b3cef8444ab130d8616a3599596e3ee202775c4018e15f99c5	U+914D	配	CJK UNIFIED IDEOGRAPH-914D	24	24	PRESENT
cn	24	app/assets/fonts/efontCN_24_subset.cpp	820506eebb5227b3cef8444ab130d8616a3599596e3ee202775c4018e15f99c5	U+91CD	重	CJK UNIFIED IDEOGRAPH-91CD	24	24	PRESENT
cn	24	app/assets/fonts/efontCN_24_subset.cpp	820506eebb5227b3cef8444ab130d8616a3599596e3ee202775c4018e15f99c5	U+91CF	量	CJK UNIFIED IDEOGRAPH-91CF	24	24	PRESENT
cn	24	app/assets/fonts/efontCN_24_subset.cpp	820506eebb5227b3cef8444ab130d8616a3599596e3ee202775c4018e15f99c5	U+94FE	链	CJK UNIFIED IDEOGRAPH-94FE	24	23	PRESENT
cn	24	app/assets/fonts/efontCN_24_subset.cpp	820506eebb5227b3cef8444ab130d8616a3599596e3ee202775c4018e15f99c5	U+95ED	闭	CJK UNIFIED IDEOGRAPH-95ED	24	20	PRESENT
cn	24	app/assets/fonts/efontCN_24_subset.cpp	820506eebb5227b3cef8444ab130d8616a3599596e3ee202775c4018e15f99c5	U+95F4	间	CJK UNIFIED IDEOGRAPH-95F4	24	19	PRESENT
cn	24	app/assets/fonts/efontCN_24_subset.cpp	820506eebb5227b3cef8444ab130d8616a3599596e3ee202775c4018e15f99c5	U+9608	阈	CJK UNIFIED IDEOGRAPH-9608	24	20	PRESENT
cn	24	app/assets/fonts/efontCN_24_subset.cpp	820506eebb5227b3cef8444ab130d8616a3599596e3ee202775c4018e15f99c5	U+9664	除	CJK UNIFIED IDEOGRAPH-9664	24	23	PRESENT
cn	24	app/assets/fonts/efontCN_24_subset.cpp	820506eebb5227b3cef8444ab130d8616a3599596e3ee202775c4018e15f99c5	U+9700	需	CJK UNIFIED IDEOGRAPH-9700	24	24	PRESENT
cn	24	app/assets/fonts/efontCN_24_subset.cpp	820506eebb5227b3cef8444ab130d8616a3599596e3ee202775c4018e15f99c5	U+9762	面	CJK UNIFIED IDEOGRAPH-9762	24	24	PRESENT
cn	24	app/assets/fonts/efontCN_24_subset.cpp	820506eebb5227b3cef8444ab130d8616a3599596e3ee202775c4018e15f99c5	U+9875	页	CJK UNIFIED IDEOGRAPH-9875	24	22	PRESENT
cn	24	app/assets/fonts/efontCN_24_subset.cpp	820506eebb5227b3cef8444ab130d8616a3599596e3ee202775c4018e15f99c5	U+9876	顶	CJK UNIFIED IDEOGRAPH-9876	24	22	PRESENT
cn	24	app/assets/fonts/efontCN_24_subset.cpp	820506eebb5227b3cef8444ab130d8616a3599596e3ee202775c4018e15f99c5	U+9A6C	马	CJK UNIFIED IDEOGRAPH-9A6C	24	22	PRESENT
cn	24	app/assets/fonts/efontCN_24_subset.cpp	820506eebb5227b3cef8444ab130d8616a3599596e3ee202775c4018e15f99c5	U+9AD8	高	CJK UNIFIED IDEOGRAPH-9AD8	24	24	PRESENT
cn	24	app/assets/fonts/efontCN_24_subset.cpp	820506eebb5227b3cef8444ab130d8616a3599596e3ee202775c4018e15f99c5	U+9E23	鸣	CJK UNIFIED IDEOGRAPH-9E23	24	21	PRESENT
cn	24	app/assets/fonts/efontCN_24_subset.cpp	820506eebb5227b3cef8444ab130d8616a3599596e3ee202775c4018e15f99c5	U+9ED8	默	CJK UNIFIED IDEOGRAPH-9ED8	24	24	PRESENT
jp	16	app/assets/fonts/efontJA_16_subset.cpp	4e80a3af4705fde2ab33c685b043dc01457601f5bcfbfe630914bc903e87bc43	U+03BC	μ	GREEK SMALL LETTER MU	8	7	PRESENT
jp	16	app/assets/fonts/efontJA_16_subset.cpp	4e80a3af4705fde2ab33c685b043dc01457601f5bcfbfe630914bc903e87bc43	U+3001	、	IDEOGRAPHIC COMMA	16	4	PRESENT
jp	16	app/assets/fonts/efontJA_16_subset.cpp	4e80a3af4705fde2ab33c685b043dc01457601f5bcfbfe630914bc903e87bc43	U+3042	あ	HIRAGANA LETTER A	16	14	PRESENT
jp	16	app/assets/fonts/efontJA_16_subset.cpp	4e80a3af4705fde2ab33c685b043dc01457601f5bcfbfe630914bc903e87bc43	U+3044	い	HIRAGANA LETTER I	16	14	PRESENT
jp	16	app/assets/fonts/efontJA_16_subset.cpp	4e80a3af4705fde2ab33c685b043dc01457601f5bcfbfe630914bc903e87bc43	U+3046	う	HIRAGANA LETTER U	16	11	PRESENT
jp	16	app/assets/fonts/efontJA_16_subset.cpp	4e80a3af4705fde2ab33c685b043dc01457601f5bcfbfe630914bc903e87bc43	U+3048	え	HIRAGANA LETTER E	16	13	PRESENT
jp	16	app/assets/fonts/efontJA_16_subset.cpp	4e80a3af4705fde2ab33c685b043dc01457601f5bcfbfe630914bc903e87bc43	U+304A	お	HIRAGANA LETTER O	16	15	PRESENT
jp	16	app/assets/fonts/efontJA_16_subset.cpp	4e80a3af4705fde2ab33c685b043dc01457601f5bcfbfe630914bc903e87bc43	U+304B	か	HIRAGANA LETTER KA	16	14	PRESENT
jp	16	app/assets/fonts/efontJA_16_subset.cpp	4e80a3af4705fde2ab33c685b043dc01457601f5bcfbfe630914bc903e87bc43	U+304C	が	HIRAGANA LETTER GA	16	14	PRESENT
jp	16	app/assets/fonts/efontJA_16_subset.cpp	4e80a3af4705fde2ab33c685b043dc01457601f5bcfbfe630914bc903e87bc43	U+304D	き	HIRAGANA LETTER KI	16	12	PRESENT
jp	16	app/assets/fonts/efontJA_16_subset.cpp	4e80a3af4705fde2ab33c685b043dc01457601f5bcfbfe630914bc903e87bc43	U+304E	ぎ	HIRAGANA LETTER GI	16	14	PRESENT
jp	16	app/assets/fonts/efontJA_16_subset.cpp	4e80a3af4705fde2ab33c685b043dc01457601f5bcfbfe630914bc903e87bc43	U+304F	く	HIRAGANA LETTER KU	16	7	PRESENT
jp	16	app/assets/fonts/efontJA_16_subset.cpp	4e80a3af4705fde2ab33c685b043dc01457601f5bcfbfe630914bc903e87bc43	U+3050	ぐ	HIRAGANA LETTER GU	16	11	PRESENT
jp	16	app/assets/fonts/efontJA_16_subset.cpp	4e80a3af4705fde2ab33c685b043dc01457601f5bcfbfe630914bc903e87bc43	U+3051	け	HIRAGANA LETTER KE	16	14	PRESENT
jp	16	app/assets/fonts/efontJA_16_subset.cpp	4e80a3af4705fde2ab33c685b043dc01457601f5bcfbfe630914bc903e87bc43	U+3052	げ	HIRAGANA LETTER GE	16	15	PRESENT
jp	16	app/assets/fonts/efontJA_16_subset.cpp	4e80a3af4705fde2ab33c685b043dc01457601f5bcfbfe630914bc903e87bc43	U+3053	こ	HIRAGANA LETTER KO	16	12	PRESENT
jp	16	app/assets/fonts/efontJA_16_subset.cpp	4e80a3af4705fde2ab33c685b043dc01457601f5bcfbfe630914bc903e87bc43	U+3054	ご	HIRAGANA LETTER GO	16	13	PRESENT
jp	16	app/assets/fonts/efontJA_16_subset.cpp	4e80a3af4705fde2ab33c685b043dc01457601f5bcfbfe630914bc903e87bc43	U+3055	さ	HIRAGANA LETTER SA	16	11	PRESENT
jp	16	app/assets/fonts/efontJA_16_subset.cpp	4e80a3af4705fde2ab33c685b043dc01457601f5bcfbfe630914bc903e87bc43	U+3056	ざ	HIRAGANA LETTER ZA	16	13	PRESENT
jp	16	app/assets/fonts/efontJA_16_subset.cpp	4e80a3af4705fde2ab33c685b043dc01457601f5bcfbfe630914bc903e87bc43	U+3057	し	HIRAGANA LETTER SI	16	10	PRESENT
jp	16	app/assets/fonts/efontJA_16_subset.cpp	4e80a3af4705fde2ab33c685b043dc01457601f5bcfbfe630914bc903e87bc43	U+3058	じ	HIRAGANA LETTER ZI	16	10	PRESENT
jp	16	app/assets/fonts/efontJA_16_subset.cpp	4e80a3af4705fde2ab33c685b043dc01457601f5bcfbfe630914bc903e87bc43	U+3059	す	HIRAGANA LETTER SU	16	14	PRESENT
jp	16	app/assets/fonts/efontJA_16_subset.cpp	4e80a3af4705fde2ab33c685b043dc01457601f5bcfbfe630914bc903e87bc43	U+305A	ず	HIRAGANA LETTER ZU	16	15	PRESENT
jp	16	app/assets/fonts/efontJA_16_subset.cpp	4e80a3af4705fde2ab33c685b043dc01457601f5bcfbfe630914bc903e87bc43	U+305B	せ	HIRAGANA LETTER SE	16	15	PRESENT
jp	16	app/assets/fonts/efontJA_16_subset.cpp	4e80a3af4705fde2ab33c685b043dc01457601f5bcfbfe630914bc903e87bc43	U+305C	ぜ	HIRAGANA LETTER ZE	16	16	PRESENT
jp	16	app/assets/fonts/efontJA_16_subset.cpp	4e80a3af4705fde2ab33c685b043dc01457601f5bcfbfe630914bc903e87bc43	U+305D	そ	HIRAGANA LETTER SO	16	13	PRESENT
jp	16	app/assets/fonts/efontJA_16_subset.cpp	4e80a3af4705fde2ab33c685b043dc01457601f5bcfbfe630914bc903e87bc43	U+305E	ぞ	HIRAGANA LETTER ZO	16	14	PRESENT
jp	16	app/assets/fonts/efontJA_16_subset.cpp	4e80a3af4705fde2ab33c685b043dc01457601f5bcfbfe630914bc903e87bc43	U+305F	た	HIRAGANA LETTER TA	16	14	PRESENT
jp	16	app/assets/fonts/efontJA_16_subset.cpp	4e80a3af4705fde2ab33c685b043dc01457601f5bcfbfe630914bc903e87bc43	U+3060	だ	HIRAGANA LETTER DA	16	14	PRESENT
jp	16	app/assets/fonts/efontJA_16_subset.cpp	4e80a3af4705fde2ab33c685b043dc01457601f5bcfbfe630914bc903e87bc43	U+3061	ち	HIRAGANA LETTER TI	16	13	PRESENT
jp	16	app/assets/fonts/efontJA_16_subset.cpp	4e80a3af4705fde2ab33c685b043dc01457601f5bcfbfe630914bc903e87bc43	U+3062	ぢ	HIRAGANA LETTER DI	16	14	PRESENT
jp	16	app/assets/fonts/efontJA_16_subset.cpp	4e80a3af4705fde2ab33c685b043dc01457601f5bcfbfe630914bc903e87bc43	U+3063	っ	HIRAGANA LETTER SMALL TU	16	10	PRESENT
jp	16	app/assets/fonts/efontJA_16_subset.cpp	4e80a3af4705fde2ab33c685b043dc01457601f5bcfbfe630914bc903e87bc43	U+3064	つ	HIRAGANA LETTER TU	16	15	PRESENT
jp	16	app/assets/fonts/efontJA_16_subset.cpp	4e80a3af4705fde2ab33c685b043dc01457601f5bcfbfe630914bc903e87bc43	U+3065	づ	HIRAGANA LETTER DU	16	16	PRESENT
jp	16	app/assets/fonts/efontJA_16_subset.cpp	4e80a3af4705fde2ab33c685b043dc01457601f5bcfbfe630914bc903e87bc43	U+3066	て	HIRAGANA LETTER TE	16	15	PRESENT
jp	16	app/assets/fonts/efontJA_16_subset.cpp	4e80a3af4705fde2ab33c685b043dc01457601f5bcfbfe630914bc903e87bc43	U+3067	で	HIRAGANA LETTER DE	16	16	PRESENT
jp	16	app/assets/fonts/efontJA_16_subset.cpp	4e80a3af4705fde2ab33c685b043dc01457601f5bcfbfe630914bc903e87bc43	U+3068	と	HIRAGANA LETTER TO	16	11	PRESENT
jp	16	app/assets/fonts/efontJA_16_subset.cpp	4e80a3af4705fde2ab33c685b043dc01457601f5bcfbfe630914bc903e87bc43	U+3069	ど	HIRAGANA LETTER DO	16	13	PRESENT
jp	16	app/assets/fonts/efontJA_16_subset.cpp	4e80a3af4705fde2ab33c685b043dc01457601f5bcfbfe630914bc903e87bc43	U+306A	な	HIRAGANA LETTER NA	16	14	PRESENT
jp	16	app/assets/fonts/efontJA_16_subset.cpp	4e80a3af4705fde2ab33c685b043dc01457601f5bcfbfe630914bc903e87bc43	U+306B	に	HIRAGANA LETTER NI	16	13	PRESENT
jp	16	app/assets/fonts/efontJA_16_subset.cpp	4e80a3af4705fde2ab33c685b043dc01457601f5bcfbfe630914bc903e87bc43	U+306C	ぬ	HIRAGANA LETTER NU	16	15	PRESENT
jp	16	app/assets/fonts/efontJA_16_subset.cpp	4e80a3af4705fde2ab33c685b043dc01457601f5bcfbfe630914bc903e87bc43	U+306D	ね	HIRAGANA LETTER NE	16	15	PRESENT
jp	16	app/assets/fonts/efontJA_16_subset.cpp	4e80a3af4705fde2ab33c685b043dc01457601f5bcfbfe630914bc903e87bc43	U+306E	の	HIRAGANA LETTER NO	16	14	PRESENT
jp	16	app/assets/fonts/efontJA_16_subset.cpp	4e80a3af4705fde2ab33c685b043dc01457601f5bcfbfe630914bc903e87bc43	U+306F	は	HIRAGANA LETTER HA	16	14	PRESENT
jp	16	app/assets/fonts/efontJA_16_subset.cpp	4e80a3af4705fde2ab33c685b043dc01457601f5bcfbfe630914bc903e87bc43	U+3070	ば	HIRAGANA LETTER BA	16	15	PRESENT
jp	16	app/assets/fonts/efontJA_16_subset.cpp	4e80a3af4705fde2ab33c685b043dc01457601f5bcfbfe630914bc903e87bc43	U+3071	ぱ	HIRAGANA LETTER PA	16	15	PRESENT
jp	16	app/assets/fonts/efontJA_16_subset.cpp	4e80a3af4705fde2ab33c685b043dc01457601f5bcfbfe630914bc903e87bc43	U+3072	ひ	HIRAGANA LETTER HI	16	15	PRESENT
jp	16	app/assets/fonts/efontJA_16_subset.cpp	4e80a3af4705fde2ab33c685b043dc01457601f5bcfbfe630914bc903e87bc43	U+3073	び	HIRAGANA LETTER BI	16	16	PRESENT
jp	16	app/assets/fonts/efontJA_16_subset.cpp	4e80a3af4705fde2ab33c685b043dc01457601f5bcfbfe630914bc903e87bc43	U+3074	ぴ	HIRAGANA LETTER PI	16	16	PRESENT
jp	16	app/assets/fonts/efontJA_16_subset.cpp	4e80a3af4705fde2ab33c685b043dc01457601f5bcfbfe630914bc903e87bc43	U+3075	ふ	HIRAGANA LETTER HU	16	16	PRESENT
jp	16	app/assets/fonts/efontJA_16_subset.cpp	4e80a3af4705fde2ab33c685b043dc01457601f5bcfbfe630914bc903e87bc43	U+3076	ぶ	HIRAGANA LETTER BU	16	16	PRESENT
jp	16	app/assets/fonts/efontJA_16_subset.cpp	4e80a3af4705fde2ab33c685b043dc01457601f5bcfbfe630914bc903e87bc43	U+3077	ぷ	HIRAGANA LETTER PU	16	16	PRESENT
jp	16	app/assets/fonts/efontJA_16_subset.cpp	4e80a3af4705fde2ab33c685b043dc01457601f5bcfbfe630914bc903e87bc43	U+3078	へ	HIRAGANA LETTER HE	16	15	PRESENT
jp	16	app/assets/fonts/efontJA_16_subset.cpp	4e80a3af4705fde2ab33c685b043dc01457601f5bcfbfe630914bc903e87bc43	U+3079	べ	HIRAGANA LETTER BE	16	15	PRESENT
jp	16	app/assets/fonts/efontJA_16_subset.cpp	4e80a3af4705fde2ab33c685b043dc01457601f5bcfbfe630914bc903e87bc43	U+307A	ぺ	HIRAGANA LETTER PE	16	15	PRESENT
jp	16	app/assets/fonts/efontJA_16_subset.cpp	4e80a3af4705fde2ab33c685b043dc01457601f5bcfbfe630914bc903e87bc43	U+307B	ほ	HIRAGANA LETTER HO	16	14	PRESENT
jp	16	app/assets/fonts/efontJA_16_subset.cpp	4e80a3af4705fde2ab33c685b043dc01457601f5bcfbfe630914bc903e87bc43	U+307C	ぼ	HIRAGANA LETTER BO	16	15	PRESENT
jp	16	app/assets/fonts/efontJA_16_subset.cpp	4e80a3af4705fde2ab33c685b043dc01457601f5bcfbfe630914bc903e87bc43	U+307D	ぽ	HIRAGANA LETTER PO	16	15	PRESENT
jp	16	app/assets/fonts/efontJA_16_subset.cpp	4e80a3af4705fde2ab33c685b043dc01457601f5bcfbfe630914bc903e87bc43	U+307E	ま	HIRAGANA LETTER MA	16	12	PRESENT
jp	16	app/assets/fonts/efontJA_16_subset.cpp	4e80a3af4705fde2ab33c685b043dc01457601f5bcfbfe630914bc903e87bc43	U+307F	み	HIRAGANA LETTER MI	16	15	PRESENT
jp	16	app/assets/fonts/efontJA_16_subset.cpp	4e80a3af4705fde2ab33c685b043dc01457601f5bcfbfe630914bc903e87bc43	U+3080	む	HIRAGANA LETTER MU	16	14	PRESENT
jp	16	app/assets/fonts/efontJA_16_subset.cpp	4e80a3af4705fde2ab33c685b043dc01457601f5bcfbfe630914bc903e87bc43	U+3081	め	HIRAGANA LETTER ME	16	15	PRESENT
jp	16	app/assets/fonts/efontJA_16_subset.cpp	4e80a3af4705fde2ab33c685b043dc01457601f5bcfbfe630914bc903e87bc43	U+3082	も	HIRAGANA LETTER MO	16	13	PRESENT
jp	16	app/assets/fonts/efontJA_16_subset.cpp	4e80a3af4705fde2ab33c685b043dc01457601f5bcfbfe630914bc903e87bc43	U+3083	ゃ	HIRAGANA LETTER SMALL YA	16	12	PRESENT
jp	16	app/assets/fonts/efontJA_16_subset.cpp	4e80a3af4705fde2ab33c685b043dc01457601f5bcfbfe630914bc903e87bc43	U+3084	や	HIRAGANA LETTER YA	16	15	PRESENT
jp	16	app/assets/fonts/efontJA_16_subset.cpp	4e80a3af4705fde2ab33c685b043dc01457601f5bcfbfe630914bc903e87bc43	U+3085	ゅ	HIRAGANA LETTER SMALL YU	16	11	PRESENT
jp	16	app/assets/fonts/efontJA_16_subset.cpp	4e80a3af4705fde2ab33c685b043dc01457601f5bcfbfe630914bc903e87bc43	U+3086	ゆ	HIRAGANA LETTER YU	16	14	PRESENT
jp	16	app/assets/fonts/efontJA_16_subset.cpp	4e80a3af4705fde2ab33c685b043dc01457601f5bcfbfe630914bc903e87bc43	U+3087	ょ	HIRAGANA LETTER SMALL YO	16	10	PRESENT
jp	16	app/assets/fonts/efontJA_16_subset.cpp	4e80a3af4705fde2ab33c685b043dc01457601f5bcfbfe630914bc903e87bc43	U+3088	よ	HIRAGANA LETTER YO	16	13	PRESENT
jp	16	app/assets/fonts/efontJA_16_subset.cpp	4e80a3af4705fde2ab33c685b043dc01457601f5bcfbfe630914bc903e87bc43	U+3089	ら	HIRAGANA LETTER RA	16	11	PRESENT
jp	16	app/assets/fonts/efontJA_16_subset.cpp	4e80a3af4705fde2ab33c685b043dc01457601f5bcfbfe630914bc903e87bc43	U+308A	り	HIRAGANA LETTER RI	16	9	PRESENT
jp	16	app/assets/fonts/efontJA_16_subset.cpp	4e80a3af4705fde2ab33c685b043dc01457601f5bcfbfe630914bc903e87bc43	U+308B	る	HIRAGANA LETTER RU	16	13	PRESENT
jp	16	app/assets/fonts/efontJA_16_subset.cpp	4e80a3af4705fde2ab33c685b043dc01457601f5bcfbfe630914bc903e87bc43	U+308C	れ	HIRAGANA LETTER RE	16	16	PRESENT
jp	16	app/assets/fonts/efontJA_16_subset.cpp	4e80a3af4705fde2ab33c685b043dc01457601f5bcfbfe630914bc903e87bc43	U+308D	ろ	HIRAGANA LETTER RO	16	12	PRESENT
jp	16	app/assets/fonts/efontJA_16_subset.cpp	4e80a3af4705fde2ab33c685b043dc01457601f5bcfbfe630914bc903e87bc43	U+308F	わ	HIRAGANA LETTER WA	16	15	PRESENT
jp	16	app/assets/fonts/efontJA_16_subset.cpp	4e80a3af4705fde2ab33c685b043dc01457601f5bcfbfe630914bc903e87bc43	U+3092	を	HIRAGANA LETTER WO	16	14	PRESENT
jp	16	app/assets/fonts/efontJA_16_subset.cpp	4e80a3af4705fde2ab33c685b043dc01457601f5bcfbfe630914bc903e87bc43	U+3093	ん	HIRAGANA LETTER N	16	15	PRESENT
jp	16	app/assets/fonts/efontJA_16_subset.cpp	4e80a3af4705fde2ab33c685b043dc01457601f5bcfbfe630914bc903e87bc43	U+30A1	ァ	KATAKANA LETTER SMALL A	16	10	PRESENT
jp	16	app/assets/fonts/efontJA_16_subset.cpp	4e80a3af4705fde2ab33c685b043dc01457601f5bcfbfe630914bc903e87bc43	U+30A2	ア	KATAKANA LETTER A	16	14	PRESENT
jp	16	app/assets/fonts/efontJA_16_subset.cpp	4e80a3af4705fde2ab33c685b043dc01457601f5bcfbfe630914bc903e87bc43	U+30A3	ィ	KATAKANA LETTER SMALL I	16	9	PRESENT
jp	16	app/assets/fonts/efontJA_16_subset.cpp	4e80a3af4705fde2ab33c685b043dc01457601f5bcfbfe630914bc903e87bc43	U+30A4	イ	KATAKANA LETTER I	16	11	PRESENT
jp	16	app/assets/fonts/efontJA_16_subset.cpp	4e80a3af4705fde2ab33c685b043dc01457601f5bcfbfe630914bc903e87bc43	U+30A6	ウ	KATAKANA LETTER U	16	12	PRESENT
jp	16	app/assets/fonts/efontJA_16_subset.cpp	4e80a3af4705fde2ab33c685b043dc01457601f5bcfbfe630914bc903e87bc43	U+30A7	ェ	KATAKANA LETTER SMALL E	16	10	PRESENT
jp	16	app/assets/fonts/efontJA_16_subset.cpp	4e80a3af4705fde2ab33c685b043dc01457601f5bcfbfe630914bc903e87bc43	U+30A8	エ	KATAKANA LETTER E	16	15	PRESENT
jp	16	app/assets/fonts/efontJA_16_subset.cpp	4e80a3af4705fde2ab33c685b043dc01457601f5bcfbfe630914bc903e87bc43	U+30A9	ォ	KATAKANA LETTER SMALL O	16	10	PRESENT
jp	16	app/assets/fonts/efontJA_16_subset.cpp	4e80a3af4705fde2ab33c685b043dc01457601f5bcfbfe630914bc903e87bc43	U+30AA	オ	KATAKANA LETTER O	16	13	PRESENT
jp	16	app/assets/fonts/efontJA_16_subset.cpp	4e80a3af4705fde2ab33c685b043dc01457601f5bcfbfe630914bc903e87bc43	U+30AB	カ	KATAKANA LETTER KA	16	12	PRESENT
jp	16	app/assets/fonts/efontJA_16_subset.cpp	4e80a3af4705fde2ab33c685b043dc01457601f5bcfbfe630914bc903e87bc43	U+30AC	ガ	KATAKANA LETTER GA	16	15	PRESENT
jp	16	app/assets/fonts/efontJA_16_subset.cpp	4e80a3af4705fde2ab33c685b043dc01457601f5bcfbfe630914bc903e87bc43	U+30AD	キ	KATAKANA LETTER KI	16	14	PRESENT
jp	16	app/assets/fonts/efontJA_16_subset.cpp	4e80a3af4705fde2ab33c685b043dc01457601f5bcfbfe630914bc903e87bc43	U+30AE	ギ	KATAKANA LETTER GI	16	14	PRESENT
jp	16	app/assets/fonts/efontJA_16_subset.cpp	4e80a3af4705fde2ab33c685b043dc01457601f5bcfbfe630914bc903e87bc43	U+30AF	ク	KATAKANA LETTER KU	16	12	PRESENT
jp	16	app/assets/fonts/efontJA_16_subset.cpp	4e80a3af4705fde2ab33c685b043dc01457601f5bcfbfe630914bc903e87bc43	U+30B0	グ	KATAKANA LETTER GU	16	15	PRESENT
jp	16	app/assets/fonts/efontJA_16_subset.cpp	4e80a3af4705fde2ab33c685b043dc01457601f5bcfbfe630914bc903e87bc43	U+30B1	ケ	KATAKANA LETTER KE	16	14	PRESENT
jp	16	app/assets/fonts/efontJA_16_subset.cpp	4e80a3af4705fde2ab33c685b043dc01457601f5bcfbfe630914bc903e87bc43	U+30B2	ゲ	KATAKANA LETTER GE	16	15	PRESENT
jp	16	app/assets/fonts/efontJA_16_subset.cpp	4e80a3af4705fde2ab33c685b043dc01457601f5bcfbfe630914bc903e87bc43	U+30B3	コ	KATAKANA LETTER KO	16	12	PRESENT
jp	16	app/assets/fonts/efontJA_16_subset.cpp	4e80a3af4705fde2ab33c685b043dc01457601f5bcfbfe630914bc903e87bc43	U+30B4	ゴ	KATAKANA LETTER GO	16	15	PRESENT
jp	16	app/assets/fonts/efontJA_16_subset.cpp	4e80a3af4705fde2ab33c685b043dc01457601f5bcfbfe630914bc903e87bc43	U+30B5	サ	KATAKANA LETTER SA	16	15	PRESENT
jp	16	app/assets/fonts/efontJA_16_subset.cpp	4e80a3af4705fde2ab33c685b043dc01457601f5bcfbfe630914bc903e87bc43	U+30B6	ザ	KATAKANA LETTER ZA	16	16	PRESENT
jp	16	app/assets/fonts/efontJA_16_subset.cpp	4e80a3af4705fde2ab33c685b043dc01457601f5bcfbfe630914bc903e87bc43	U+30B7	シ	KATAKANA LETTER SI	16	13	PRESENT
jp	16	app/assets/fonts/efontJA_16_subset.cpp	4e80a3af4705fde2ab33c685b043dc01457601f5bcfbfe630914bc903e87bc43	U+30B8	ジ	KATAKANA LETTER ZI	16	13	PRESENT
jp	16	app/assets/fonts/efontJA_16_subset.cpp	4e80a3af4705fde2ab33c685b043dc01457601f5bcfbfe630914bc903e87bc43	U+30B9	ス	KATAKANA LETTER SU	16	14	PRESENT
jp	16	app/assets/fonts/efontJA_16_subset.cpp	4e80a3af4705fde2ab33c685b043dc01457601f5bcfbfe630914bc903e87bc43	U+30BA	ズ	KATAKANA LETTER ZU	16	15	PRESENT
jp	16	app/assets/fonts/efontJA_16_subset.cpp	4e80a3af4705fde2ab33c685b043dc01457601f5bcfbfe630914bc903e87bc43	U+30BB	セ	KATAKANA LETTER SE	16	14	PRESENT
jp	16	app/assets/fonts/efontJA_16_subset.cpp	4e80a3af4705fde2ab33c685b043dc01457601f5bcfbfe630914bc903e87bc43	U+30BC	ゼ	KATAKANA LETTER ZE	16	15	PRESENT
jp	16	app/assets/fonts/efontJA_16_subset.cpp	4e80a3af4705fde2ab33c685b043dc01457601f5bcfbfe630914bc903e87bc43	U+30BD	ソ	KATAKANA LETTER SO	16	12	PRESENT
jp	16	app/assets/fonts/efontJA_16_subset.cpp	4e80a3af4705fde2ab33c685b043dc01457601f5bcfbfe630914bc903e87bc43	U+30BE	ゾ	KATAKANA LETTER ZO	16	14	PRESENT
jp	16	app/assets/fonts/efontJA_16_subset.cpp	4e80a3af4705fde2ab33c685b043dc01457601f5bcfbfe630914bc903e87bc43	U+30BF	タ	KATAKANA LETTER TA	16	13	PRESENT
jp	16	app/assets/fonts/efontJA_16_subset.cpp	4e80a3af4705fde2ab33c685b043dc01457601f5bcfbfe630914bc903e87bc43	U+30C0	ダ	KATAKANA LETTER DA	16	15	PRESENT
jp	16	app/assets/fonts/efontJA_16_subset.cpp	4e80a3af4705fde2ab33c685b043dc01457601f5bcfbfe630914bc903e87bc43	U+30C1	チ	KATAKANA LETTER TI	16	14	PRESENT
jp	16	app/assets/fonts/efontJA_16_subset.cpp	4e80a3af4705fde2ab33c685b043dc01457601f5bcfbfe630914bc903e87bc43	U+30C3	ッ	KATAKANA LETTER SMALL TU	16	10	PRESENT
jp	16	app/assets/fonts/efontJA_16_subset.cpp	4e80a3af4705fde2ab33c685b043dc01457601f5bcfbfe630914bc903e87bc43	U+30C4	ツ	KATAKANA LETTER TU	16	13	PRESENT
jp	16	app/assets/fonts/efontJA_16_subset.cpp	4e80a3af4705fde2ab33c685b043dc01457601f5bcfbfe630914bc903e87bc43	U+30C6	テ	KATAKANA LETTER TE	16	14	PRESENT
jp	16	app/assets/fonts/efontJA_16_subset.cpp	4e80a3af4705fde2ab33c685b043dc01457601f5bcfbfe630914bc903e87bc43	U+30C7	デ	KATAKANA LETTER DE	16	14	PRESENT
jp	16	app/assets/fonts/efontJA_16_subset.cpp	4e80a3af4705fde2ab33c685b043dc01457601f5bcfbfe630914bc903e87bc43	U+30C8	ト	KATAKANA LETTER TO	16	8	PRESENT
jp	16	app/assets/fonts/efontJA_16_subset.cpp	4e80a3af4705fde2ab33c685b043dc01457601f5bcfbfe630914bc903e87bc43	U+30C9	ド	KATAKANA LETTER DO	16	10	PRESENT
jp	16	app/assets/fonts/efontJA_16_subset.cpp	4e80a3af4705fde2ab33c685b043dc01457601f5bcfbfe630914bc903e87bc43	U+30CA	ナ	KATAKANA LETTER NA	16	14	PRESENT
jp	16	app/assets/fonts/efontJA_16_subset.cpp	4e80a3af4705fde2ab33c685b043dc01457601f5bcfbfe630914bc903e87bc43	U+30CB	ニ	KATAKANA LETTER NI	16	15	PRESENT
jp	16	app/assets/fonts/efontJA_16_subset.cpp	4e80a3af4705fde2ab33c685b043dc01457601f5bcfbfe630914bc903e87bc43	U+30CC	ヌ	KATAKANA LETTER NU	16	13	PRESENT
jp	16	app/assets/fonts/efontJA_16_subset.cpp	4e80a3af4705fde2ab33c685b043dc01457601f5bcfbfe630914bc903e87bc43	U+30CD	ネ	KATAKANA LETTER NE	16	14	PRESENT
jp	16	app/assets/fonts/efontJA_16_subset.cpp	4e80a3af4705fde2ab33c685b043dc01457601f5bcfbfe630914bc903e87bc43	U+30CE	ノ	KATAKANA LETTER NO	16	12	PRESENT
jp	16	app/assets/fonts/efontJA_16_subset.cpp	4e80a3af4705fde2ab33c685b043dc01457601f5bcfbfe630914bc903e87bc43	U+30CF	ハ	KATAKANA LETTER HA	16	15	PRESENT
jp	16	app/assets/fonts/efontJA_16_subset.cpp	4e80a3af4705fde2ab33c685b043dc01457601f5bcfbfe630914bc903e87bc43	U+30D0	バ	KATAKANA LETTER BA	16	15	PRESENT
jp	16	app/assets/fonts/efontJA_16_subset.cpp	4e80a3af4705fde2ab33c685b043dc01457601f5bcfbfe630914bc903e87bc43	U+30D1	パ	KATAKANA LETTER PA	16	15	PRESENT
jp	16	app/assets/fonts/efontJA_16_subset.cpp	4e80a3af4705fde2ab33c685b043dc01457601f5bcfbfe630914bc903e87bc43	U+30D2	ヒ	KATAKANA LETTER HI	16	11	PRESENT
jp	16	app/assets/fonts/efontJA_16_subset.cpp	4e80a3af4705fde2ab33c685b043dc01457601f5bcfbfe630914bc903e87bc43	U+30D3	ビ	KATAKANA LETTER BI	16	13	PRESENT
jp	16	app/assets/fonts/efontJA_16_subset.cpp	4e80a3af4705fde2ab33c685b043dc01457601f5bcfbfe630914bc903e87bc43	U+30D4	ピ	KATAKANA LETTER PI	16	14	PRESENT
jp	16	app/assets/fonts/efontJA_16_subset.cpp	4e80a3af4705fde2ab33c685b043dc01457601f5bcfbfe630914bc903e87bc43	U+30D5	フ	KATAKANA LETTER HU	16	13	PRESENT
jp	16	app/assets/fonts/efontJA_16_subset.cpp	4e80a3af4705fde2ab33c685b043dc01457601f5bcfbfe630914bc903e87bc43	U+30D6	ブ	KATAKANA LETTER BU	16	14	PRESENT
jp	16	app/assets/fonts/efontJA_16_subset.cpp	4e80a3af4705fde2ab33c685b043dc01457601f5bcfbfe630914bc903e87bc43	U+30D7	プ	KATAKANA LETTER PU	16	15	PRESENT
jp	16	app/assets/fonts/efontJA_16_subset.cpp	4e80a3af4705fde2ab33c685b043dc01457601f5bcfbfe630914bc903e87bc43	U+30D8	ヘ	KATAKANA LETTER HE	16	15	PRESENT
jp	16	app/assets/fonts/efontJA_16_subset.cpp	4e80a3af4705fde2ab33c685b043dc01457601f5bcfbfe630914bc903e87bc43	U+30D9	ベ	KATAKANA LETTER BE	16	15	PRESENT
jp	16	app/assets/fonts/efontJA_16_subset.cpp	4e80a3af4705fde2ab33c685b043dc01457601f5bcfbfe630914bc903e87bc43	U+30DA	ペ	KATAKANA LETTER PE	16	15	PRESENT
jp	16	app/assets/fonts/efontJA_16_subset.cpp	4e80a3af4705fde2ab33c685b043dc01457601f5bcfbfe630914bc903e87bc43	U+30DB	ホ	KATAKANA LETTER HO	16	14	PRESENT
jp	16	app/assets/fonts/efontJA_16_subset.cpp	4e80a3af4705fde2ab33c685b043dc01457601f5bcfbfe630914bc903e87bc43	U+30DC	ボ	KATAKANA LETTER BO	16	15	PRESENT
jp	16	app/assets/fonts/efontJA_16_subset.cpp	4e80a3af4705fde2ab33c685b043dc01457601f5bcfbfe630914bc903e87bc43	U+30DD	ポ	KATAKANA LETTER PO	16	15	PRESENT
jp	16	app/assets/fonts/efontJA_16_subset.cpp	4e80a3af4705fde2ab33c685b043dc01457601f5bcfbfe630914bc903e87bc43	U+30DE	マ	KATAKANA LETTER MA	16	14	PRESENT
jp	16	app/assets/fonts/efontJA_16_subset.cpp	4e80a3af4705fde2ab33c685b043dc01457601f5bcfbfe630914bc903e87bc43	U+30DF	ミ	KATAKANA LETTER MI	16	10	PRESENT
jp	16	app/assets/fonts/efontJA_16_subset.cpp	4e80a3af4705fde2ab33c685b043dc01457601f5bcfbfe630914bc903e87bc43	U+30E0	ム	KATAKANA LETTER MU	16	13	PRESENT
jp	16	app/assets/fonts/efontJA_16_subset.cpp	4e80a3af4705fde2ab33c685b043dc01457601f5bcfbfe630914bc903e87bc43	U+30E1	メ	KATAKANA LETTER ME	16	12	PRESENT
jp	16	app/assets/fonts/efontJA_16_subset.cpp	4e80a3af4705fde2ab33c685b043dc01457601f5bcfbfe630914bc903e87bc43	U+30E2	モ	KATAKANA LETTER MO	16	14	PRESENT
jp	16	app/assets/fonts/efontJA_16_subset.cpp	4e80a3af4705fde2ab33c685b043dc01457601f5bcfbfe630914bc903e87bc43	U+30E3	ャ	KATAKANA LETTER SMALL YA	16	11	PRESENT
jp	16	app/assets/fonts/efontJA_16_subset.cpp	4e80a3af4705fde2ab33c685b043dc01457601f5bcfbfe630914bc903e87bc43	U+30E4	ヤ	KATAKANA LETTER YA	16	14	PRESENT
jp	16	app/assets/fonts/efontJA_16_subset.cpp	4e80a3af4705fde2ab33c685b043dc01457601f5bcfbfe630914bc903e87bc43	U+30E5	ュ	KATAKANA LETTER SMALL YU	16	12	PRESENT
jp	16	app/assets/fonts/efontJA_16_subset.cpp	4e80a3af4705fde2ab33c685b043dc01457601f5bcfbfe630914bc903e87bc43	U+30E6	ユ	KATAKANA LETTER YU	16	15	PRESENT
jp	16	app/assets/fonts/efontJA_16_subset.cpp	4e80a3af4705fde2ab33c685b043dc01457601f5bcfbfe630914bc903e87bc43	U+30E7	ョ	KATAKANA LETTER SMALL YO	16	8	PRESENT
jp	16	app/assets/fonts/efontJA_16_subset.cpp	4e80a3af4705fde2ab33c685b043dc01457601f5bcfbfe630914bc903e87bc43	U+30E8	ヨ	KATAKANA LETTER YO	16	11	PRESENT
jp	16	app/assets/fonts/efontJA_16_subset.cpp	4e80a3af4705fde2ab33c685b043dc01457601f5bcfbfe630914bc903e87bc43	U+30E9	ラ	KATAKANA LETTER RA	16	13	PRESENT
jp	16	app/assets/fonts/efontJA_16_subset.cpp	4e80a3af4705fde2ab33c685b043dc01457601f5bcfbfe630914bc903e87bc43	U+30EA	リ	KATAKANA LETTER RI	16	9	PRESENT
jp	16	app/assets/fonts/efontJA_16_subset.cpp	4e80a3af4705fde2ab33c685b043dc01457601f5bcfbfe630914bc903e87bc43	U+30EB	ル	KATAKANA LETTER RU	16	15	PRESENT
jp	16	app/assets/fonts/efontJA_16_subset.cpp	4e80a3af4705fde2ab33c685b043dc01457601f5bcfbfe630914bc903e87bc43	U+30EC	レ	KATAKANA LETTER RE	16	10	PRESENT
jp	16	app/assets/fonts/efontJA_16_subset.cpp	4e80a3af4705fde2ab33c685b043dc01457601f5bcfbfe630914bc903e87bc43	U+30ED	ロ	KATAKANA LETTER RO	16	12	PRESENT
jp	16	app/assets/fonts/efontJA_16_subset.cpp	4e80a3af4705fde2ab33c685b043dc01457601f5bcfbfe630914bc903e87bc43	U+30EF	ワ	KATAKANA LETTER WA	16	12	PRESENT
jp	16	app/assets/fonts/efontJA_16_subset.cpp	4e80a3af4705fde2ab33c685b043dc01457601f5bcfbfe630914bc903e87bc43	U+30F2	ヲ	KATAKANA LETTER WO	16	11	PRESENT
jp	16	app/assets/fonts/efontJA_16_subset.cpp	4e80a3af4705fde2ab33c685b043dc01457601f5bcfbfe630914bc903e87bc43	U+30F3	ン	KATAKANA LETTER N	16	13	PRESENT
jp	16	app/assets/fonts/efontJA_16_subset.cpp	4e80a3af4705fde2ab33c685b043dc01457601f5bcfbfe630914bc903e87bc43	U+30F4	ヴ	KATAKANA LETTER VU	16	14	PRESENT
jp	16	app/assets/fonts/efontJA_16_subset.cpp	4e80a3af4705fde2ab33c685b043dc01457601f5bcfbfe630914bc903e87bc43	U+30F5	ヵ	KATAKANA LETTER SMALL KA	16	10	PRESENT
jp	16	app/assets/fonts/efontJA_16_subset.cpp	4e80a3af4705fde2ab33c685b043dc01457601f5bcfbfe630914bc903e87bc43	U+30F6	ヶ	KATAKANA LETTER SMALL KE	16	12	PRESENT
jp	16	app/assets/fonts/efontJA_16_subset.cpp	4e80a3af4705fde2ab33c685b043dc01457601f5bcfbfe630914bc903e87bc43	U+30FC	ー	KATAKANA-HIRAGANA PROLONGED SOUND MARK	16	14	PRESENT
jp	16	app/assets/fonts/efontJA_16_subset.cpp	4e80a3af4705fde2ab33c685b043dc01457601f5bcfbfe630914bc903e87bc43	U+4E0A	上	CJK UNIFIED IDEOGRAPH-4E0A	16	16	PRESENT
jp	16	app/assets/fonts/efontJA_16_subset.cpp	4e80a3af4705fde2ab33c685b043dc01457601f5bcfbfe630914bc903e87bc43	U+4E2D	中	CJK UNIFIED IDEOGRAPH-4E2D	16	14	PRESENT
jp	16	app/assets/fonts/efontJA_16_subset.cpp	4e80a3af4705fde2ab33c685b043dc01457601f5bcfbfe630914bc903e87bc43	U+4E86	了	CJK UNIFIED IDEOGRAPH-4E86	16	13	PRESENT
jp	16	app/assets/fonts/efontJA_16_subset.cpp	4e80a3af4705fde2ab33c685b043dc01457601f5bcfbfe630914bc903e87bc43	U+4F7F	使	CJK UNIFIED IDEOGRAPH-4F7F	16	16	PRESENT
jp	16	app/assets/fonts/efontJA_16_subset.cpp	4e80a3af4705fde2ab33c685b043dc01457601f5bcfbfe630914bc903e87bc43	U+4FDD	保	CJK UNIFIED IDEOGRAPH-4FDD	16	16	PRESENT
jp	16	app/assets/fonts/efontJA_16_subset.cpp	4e80a3af4705fde2ab33c685b043dc01457601f5bcfbfe630914bc903e87bc43	U+5024	値	CJK UNIFIED IDEOGRAPH-5024	16	16	PRESENT
jp	16	app/assets/fonts/efontJA_16_subset.cpp	4e80a3af4705fde2ab33c685b043dc01457601f5bcfbfe630914bc903e87bc43	U+5165	入	CJK UNIFIED IDEOGRAPH-5165	16	16	PRESENT
jp	16	app/assets/fonts/efontJA_16_subset.cpp	4e80a3af4705fde2ab33c685b043dc01457601f5bcfbfe630914bc903e87bc43	U+518D	再	CJK UNIFIED IDEOGRAPH-518D	16	16	PRESENT
jp	16	app/assets/fonts/efontJA_16_subset.cpp	4e80a3af4705fde2ab33c685b043dc01457601f5bcfbfe630914bc903e87bc43	U+51FA	出	CJK UNIFIED IDEOGRAPH-51FA	16	14	PRESENT
jp	16	app/assets/fonts/efontJA_16_subset.cpp	4e80a3af4705fde2ab33c685b043dc01457601f5bcfbfe630914bc903e87bc43	U+5206	分	CJK UNIFIED IDEOGRAPH-5206	16	16	PRESENT
jp	16	app/assets/fonts/efontJA_16_subset.cpp	4e80a3af4705fde2ab33c685b043dc01457601f5bcfbfe630914bc903e87bc43	U+524A	削	CJK UNIFIED IDEOGRAPH-524A	16	15	PRESENT
jp	16	app/assets/fonts/efontJA_16_subset.cpp	4e80a3af4705fde2ab33c685b043dc01457601f5bcfbfe630914bc903e87bc43	U+529B	力	CJK UNIFIED IDEOGRAPH-529B	16	14	PRESENT
jp	16	app/assets/fonts/efontJA_16_subset.cpp	4e80a3af4705fde2ab33c685b043dc01457601f5bcfbfe630914bc903e87bc43	U+52A0	加	CJK UNIFIED IDEOGRAPH-52A0	16	15	PRESENT
jp	16	app/assets/fonts/efontJA_16_subset.cpp	4e80a3af4705fde2ab33c685b043dc01457601f5bcfbfe630914bc903e87bc43	U+52D5	動	CJK UNIFIED IDEOGRAPH-52D5	16	15	PRESENT
jp	16	app/assets/fonts/efontJA_16_subset.cpp	4e80a3af4705fde2ab33c685b043dc01457601f5bcfbfe630914bc903e87bc43	U+5408	合	CJK UNIFIED IDEOGRAPH-5408	16	16	PRESENT
jp	16	app/assets/fonts/efontJA_16_subset.cpp	4e80a3af4705fde2ab33c685b043dc01457601f5bcfbfe630914bc903e87bc43	U+56FD	国	CJK UNIFIED IDEOGRAPH-56FD	16	14	PRESENT
jp	16	app/assets/fonts/efontJA_16_subset.cpp	4e80a3af4705fde2ab33c685b043dc01457601f5bcfbfe630914bc903e87bc43	U+5727	圧	CJK UNIFIED IDEOGRAPH-5727	16	16	PRESENT
jp	16	app/assets/fonts/efontJA_16_subset.cpp	4e80a3af4705fde2ab33c685b043dc01457601f5bcfbfe630914bc903e87bc43	U+5747	均	CJK UNIFIED IDEOGRAPH-5747	16	15	PRESENT
jp	16	app/assets/fonts/efontJA_16_subset.cpp	4e80a3af4705fde2ab33c685b043dc01457601f5bcfbfe630914bc903e87bc43	U+5831	報	CJK UNIFIED IDEOGRAPH-5831	16	16	PRESENT
jp	16	app/assets/fonts/efontJA_16_subset.cpp	4e80a3af4705fde2ab33c685b043dc01457601f5bcfbfe630914bc903e87bc43	U+5909	変	CJK UNIFIED IDEOGRAPH-5909	16	16	PRESENT
jp	16	app/assets/fonts/efontJA_16_subset.cpp	4e80a3af4705fde2ab33c685b043dc01457601f5bcfbfe630914bc903e87bc43	U+5B58	存	CJK UNIFIED IDEOGRAPH-5B58	16	16	PRESENT
jp	16	app/assets/fonts/efontJA_16_subset.cpp	4e80a3af4705fde2ab33c685b043dc01457601f5bcfbfe630914bc903e87bc43	U+5B8C	完	CJK UNIFIED IDEOGRAPH-5B8C	16	15	PRESENT
jp	16	app/assets/fonts/efontJA_16_subset.cpp	4e80a3af4705fde2ab33c685b043dc01457601f5bcfbfe630914bc903e87bc43	U+5B9A	定	CJK UNIFIED IDEOGRAPH-5B9A	16	15	PRESENT
jp	16	app/assets/fonts/efontJA_16_subset.cpp	4e80a3af4705fde2ab33c685b043dc01457601f5bcfbfe630914bc903e87bc43	U+5B9F	実	CJK UNIFIED IDEOGRAPH-5B9F	16	15	PRESENT
jp	16	app/assets/fonts/efontJA_16_subset.cpp	4e80a3af4705fde2ab33c685b043dc01457601f5bcfbfe630914bc903e87bc43	U+5BB9	容	CJK UNIFIED IDEOGRAPH-5BB9	16	15	PRESENT
jp	16	app/assets/fonts/efontJA_16_subset.cpp	4e80a3af4705fde2ab33c685b043dc01457601f5bcfbfe630914bc903e87bc43	U+5E73	平	CJK UNIFIED IDEOGRAPH-5E73	16	16	PRESENT
jp	16	app/assets/fonts/efontJA_16_subset.cpp	4e80a3af4705fde2ab33c685b043dc01457601f5bcfbfe630914bc903e87bc43	U+5F62	形	CJK UNIFIED IDEOGRAPH-5F62	16	16	PRESENT
jp	16	app/assets/fonts/efontJA_16_subset.cpp	4e80a3af4705fde2ab33c685b043dc01457601f5bcfbfe630914bc903e87bc43	U+5F85	待	CJK UNIFIED IDEOGRAPH-5F85	16	16	PRESENT
jp	16	app/assets/fonts/efontJA_16_subset.cpp	4e80a3af4705fde2ab33c685b043dc01457601f5bcfbfe630914bc903e87bc43	U+5FC5	必	CJK UNIFIED IDEOGRAPH-5FC5	16	16	PRESENT
jp	16	app/assets/fonts/efontJA_16_subset.cpp	4e80a3af4705fde2ab33c685b043dc01457601f5bcfbfe630914bc903e87bc43	U+60C5	情	CJK UNIFIED IDEOGRAPH-60C5	16	16	PRESENT
jp	16	app/assets/fonts/efontJA_16_subset.cpp	4e80a3af4705fde2ab33c685b043dc01457601f5bcfbfe630914bc903e87bc43	U+623B	戻	CJK UNIFIED IDEOGRAPH-623B	16	16	PRESENT
jp	16	app/assets/fonts/efontJA_16_subset.cpp	4e80a3af4705fde2ab33c685b043dc01457601f5bcfbfe630914bc903e87bc43	U+63A5	接	CJK UNIFIED IDEOGRAPH-63A5	16	16	PRESENT
jp	16	app/assets/fonts/efontJA_16_subset.cpp	4e80a3af4705fde2ab33c685b043dc01457601f5bcfbfe630914bc903e87bc43	U+65B0	新	CJK UNIFIED IDEOGRAPH-65B0	16	16	PRESENT
jp	16	app/assets/fonts/efontJA_16_subset.cpp	4e80a3af4705fde2ab33c685b043dc01457601f5bcfbfe630914bc903e87bc43	U+65E5	日	CJK UNIFIED IDEOGRAPH-65E5	16	10	PRESENT
jp	16	app/assets/fonts/efontJA_16_subset.cpp	4e80a3af4705fde2ab33c685b043dc01457601f5bcfbfe630914bc903e87bc43	U+660E	明	CJK UNIFIED IDEOGRAPH-660E	16	14	PRESENT
jp	16	app/assets/fonts/efontJA_16_subset.cpp	4e80a3af4705fde2ab33c685b043dc01457601f5bcfbfe630914bc903e87bc43	U+6642	時	CJK UNIFIED IDEOGRAPH-6642	16	16	PRESENT
jp	16	app/assets/fonts/efontJA_16_subset.cpp	4e80a3af4705fde2ab33c685b043dc01457601f5bcfbfe630914bc903e87bc43	U+66F4	更	CJK UNIFIED IDEOGRAPH-66F4	16	16	PRESENT
jp	16	app/assets/fonts/efontJA_16_subset.cpp	4e80a3af4705fde2ab33c685b043dc01457601f5bcfbfe630914bc903e87bc43	U+6700	最	CJK UNIFIED IDEOGRAPH-6700	16	16	PRESENT
jp	16	app/assets/fonts/efontJA_16_subset.cpp	4e80a3af4705fde2ab33c685b043dc01457601f5bcfbfe630914bc903e87bc43	U+672C	本	CJK UNIFIED IDEOGRAPH-672C	16	16	PRESENT
jp	16	app/assets/fonts/efontJA_16_subset.cpp	4e80a3af4705fde2ab33c685b043dc01457601f5bcfbfe630914bc903e87bc43	U+6821	校	CJK UNIFIED IDEOGRAPH-6821	16	16	PRESENT
jp	16	app/assets/fonts/efontJA_16_subset.cpp	4e80a3af4705fde2ab33c685b043dc01457601f5bcfbfe630914bc903e87bc43	U+6A5F	機	CJK UNIFIED IDEOGRAPH-6A5F	16	16	PRESENT
jp	16	app/assets/fonts/efontJA_16_subset.cpp	4e80a3af4705fde2ab33c685b043dc01457601f5bcfbfe630914bc903e87bc43	U+6B63	正	CJK UNIFIED IDEOGRAPH-6B63	16	16	PRESENT
jp	16	app/assets/fonts/efontJA_16_subset.cpp	4e80a3af4705fde2ab33c685b043dc01457601f5bcfbfe630914bc903e87bc43	U+6CE2	波	CJK UNIFIED IDEOGRAPH-6CE2	16	16	PRESENT
jp	16	app/assets/fonts/efontJA_16_subset.cpp	4e80a3af4705fde2ab33c685b043dc01457601f5bcfbfe630914bc903e87bc43	U+6D41	流	CJK UNIFIED IDEOGRAPH-6D41	16	16	PRESENT
jp	16	app/assets/fonts/efontJA_16_subset.cpp	4e80a3af4705fde2ab33c685b043dc01457601f5bcfbfe630914bc903e87bc43	U+7528	用	CJK UNIFIED IDEOGRAPH-7528	16	14	PRESENT
jp	16	app/assets/fonts/efontJA_16_subset.cpp	4e80a3af4705fde2ab33c685b043dc01457601f5bcfbfe630914bc903e87bc43	U+7D42	終	CJK UNIFIED IDEOGRAPH-7D42	16	16	PRESENT
jp	16	app/assets/fonts/efontJA_16_subset.cpp	4e80a3af4705fde2ab33c685b043dc01457601f5bcfbfe630914bc903e87bc43	U+7D9A	続	CJK UNIFIED IDEOGRAPH-7D9A	16	16	PRESENT
jp	16	app/assets/fonts/efontJA_16_subset.cpp	4e80a3af4705fde2ab33c685b043dc01457601f5bcfbfe630914bc903e87bc43	U+7DE8	編	CJK UNIFIED IDEOGRAPH-7DE8	16	16	PRESENT
jp	16	app/assets/fonts/efontJA_16_subset.cpp	4e80a3af4705fde2ab33c685b043dc01457601f5bcfbfe630914bc903e87bc43	U+7F6E	置	CJK UNIFIED IDEOGRAPH-7F6E	16	16	PRESENT
jp	16	app/assets/fonts/efontJA_16_subset.cpp	4e80a3af4705fde2ab33c685b043dc01457601f5bcfbfe630914bc903e87bc43	U+82F1	英	CJK UNIFIED IDEOGRAPH-82F1	16	16	PRESENT
jp	16	app/assets/fonts/efontJA_16_subset.cpp	4e80a3af4705fde2ab33c685b043dc01457601f5bcfbfe630914bc903e87bc43	U+884C	行	CJK UNIFIED IDEOGRAPH-884C	16	16	PRESENT
jp	16	app/assets/fonts/efontJA_16_subset.cpp	4e80a3af4705fde2ab33c685b043dc01457601f5bcfbfe630914bc903e87bc43	U+8981	要	CJK UNIFIED IDEOGRAPH-8981	16	16	PRESENT
jp	16	app/assets/fonts/efontJA_16_subset.cpp	4e80a3af4705fde2ab33c685b043dc01457601f5bcfbfe630914bc903e87bc43	U+8A00	言	CJK UNIFIED IDEOGRAPH-8A00	16	16	PRESENT
jp	16	app/assets/fonts/efontJA_16_subset.cpp	4e80a3af4705fde2ab33c685b043dc01457601f5bcfbfe630914bc903e87bc43	U+8A08	計	CJK UNIFIED IDEOGRAPH-8A08	16	16	PRESENT
jp	16	app/assets/fonts/efontJA_16_subset.cpp	4e80a3af4705fde2ab33c685b043dc01457601f5bcfbfe630914bc903e87bc43	U+8A18	記	CJK UNIFIED IDEOGRAPH-8A18	16	16	PRESENT
jp	16	app/assets/fonts/efontJA_16_subset.cpp	4e80a3af4705fde2ab33c685b043dc01457601f5bcfbfe630914bc903e87bc43	U+8A2D	設	CJK UNIFIED IDEOGRAPH-8A2D	16	16	PRESENT
jp	16	app/assets/fonts/efontJA_16_subset.cpp	4e80a3af4705fde2ab33c685b043dc01457601f5bcfbfe630914bc903e87bc43	U+8A9E	語	CJK UNIFIED IDEOGRAPH-8A9E	16	16	PRESENT
jp	16	app/assets/fonts/efontJA_16_subset.cpp	4e80a3af4705fde2ab33c685b043dc01457601f5bcfbfe630914bc903e87bc43	U+8D77	起	CJK UNIFIED IDEOGRAPH-8D77	16	16	PRESENT
jp	16	app/assets/fonts/efontJA_16_subset.cpp	4e80a3af4705fde2ab33c685b043dc01457601f5bcfbfe630914bc903e87bc43	U+8DEF	路	CJK UNIFIED IDEOGRAPH-8DEF	16	16	PRESENT
jp	16	app/assets/fonts/efontJA_16_subset.cpp	4e80a3af4705fde2ab33c685b043dc01457601f5bcfbfe630914bc903e87bc43	U+8FFD	追	CJK UNIFIED IDEOGRAPH-8FFD	16	16	PRESENT
jp	16	app/assets/fonts/efontJA_16_subset.cpp	4e80a3af4705fde2ab33c685b043dc01457601f5bcfbfe630914bc903e87bc43	U+90E8	部	CJK UNIFIED IDEOGRAPH-90E8	16	16	PRESENT
jp	16	app/assets/fonts/efontJA_16_subset.cpp	4e80a3af4705fde2ab33c685b043dc01457601f5bcfbfe630914bc903e87bc43	U+914D	配	CJK UNIFIED IDEOGRAPH-914D	16	16	PRESENT
jp	16	app/assets/fonts/efontJA_16_subset.cpp	4e80a3af4705fde2ab33c685b043dc01457601f5bcfbfe630914bc903e87bc43	U+91CF	量	CJK UNIFIED IDEOGRAPH-91CF	16	16	PRESENT
jp	16	app/assets/fonts/efontJA_16_subset.cpp	4e80a3af4705fde2ab33c685b043dc01457601f5bcfbfe630914bc903e87bc43	U+9332	録	CJK UNIFIED IDEOGRAPH-9332	16	16	PRESENT
jp	16	app/assets/fonts/efontJA_16_subset.cpp	4e80a3af4705fde2ab33c685b043dc01457601f5bcfbfe630914bc903e87bc43	U+958B	開	CJK UNIFIED IDEOGRAPH-958B	16	15	PRESENT
jp	16	app/assets/fonts/efontJA_16_subset.cpp	4e80a3af4705fde2ab33c685b043dc01457601f5bcfbfe630914bc903e87bc43	U+9593	間	CJK UNIFIED IDEOGRAPH-9593	16	15	PRESENT
jp	16	app/assets/fonts/efontJA_16_subset.cpp	4e80a3af4705fde2ab33c685b043dc01457601f5bcfbfe630914bc903e87bc43	U+95BE	閾	CJK UNIFIED IDEOGRAPH-95BE	16	15	PRESENT
jp	16	app/assets/fonts/efontJA_16_subset.cpp	4e80a3af4705fde2ab33c685b043dc01457601f5bcfbfe630914bc903e87bc43	U+9664	除	CJK UNIFIED IDEOGRAPH-9664	16	15	PRESENT
jp	16	app/assets/fonts/efontJA_16_subset.cpp	4e80a3af4705fde2ab33c685b043dc01457601f5bcfbfe630914bc903e87bc43	U+96C6	集	CJK UNIFIED IDEOGRAPH-96C6	16	16	PRESENT
jp	16	app/assets/fonts/efontJA_16_subset.cpp	4e80a3af4705fde2ab33c685b043dc01457601f5bcfbfe630914bc903e87bc43	U+96FB	電	CJK UNIFIED IDEOGRAPH-96FB	16	16	PRESENT
jp	16	app/assets/fonts/efontJA_16_subset.cpp	4e80a3af4705fde2ab33c685b043dc01457601f5bcfbfe630914bc903e87bc43	U+FF1F	？	FULLWIDTH QUESTION MARK	16	9	PRESENT
jp	24	app/assets/fonts/efontJA_24_subset.cpp	3b5b8a4c6d120242079a0534ffbcb1733b76a56cea84a0f237512388d88983ab	U+03BC	μ	GREEK SMALL LETTER MU	12	9	PRESENT
jp	24	app/assets/fonts/efontJA_24_subset.cpp	3b5b8a4c6d120242079a0534ffbcb1733b76a56cea84a0f237512388d88983ab	U+3001	、	IDEOGRAPHIC COMMA	24	6	PRESENT
jp	24	app/assets/fonts/efontJA_24_subset.cpp	3b5b8a4c6d120242079a0534ffbcb1733b76a56cea84a0f237512388d88983ab	U+3042	あ	HIRAGANA LETTER A	24	20	PRESENT
jp	24	app/assets/fonts/efontJA_24_subset.cpp	3b5b8a4c6d120242079a0534ffbcb1733b76a56cea84a0f237512388d88983ab	U+3044	い	HIRAGANA LETTER I	24	21	PRESENT
jp	24	app/assets/fonts/efontJA_24_subset.cpp	3b5b8a4c6d120242079a0534ffbcb1733b76a56cea84a0f237512388d88983ab	U+3046	う	HIRAGANA LETTER U	24	13	PRESENT
jp	24	app/assets/fonts/efontJA_24_subset.cpp	3b5b8a4c6d120242079a0534ffbcb1733b76a56cea84a0f237512388d88983ab	U+3048	え	HIRAGANA LETTER E	24	18	PRESENT
jp	24	app/assets/fonts/efontJA_24_subset.cpp	3b5b8a4c6d120242079a0534ffbcb1733b76a56cea84a0f237512388d88983ab	U+304A	お	HIRAGANA LETTER O	24	21	PRESENT
jp	24	app/assets/fonts/efontJA_24_subset.cpp	3b5b8a4c6d120242079a0534ffbcb1733b76a56cea84a0f237512388d88983ab	U+304B	か	HIRAGANA LETTER KA	24	23	PRESENT
jp	24	app/assets/fonts/efontJA_24_subset.cpp	3b5b8a4c6d120242079a0534ffbcb1733b76a56cea84a0f237512388d88983ab	U+304C	が	HIRAGANA LETTER GA	24	23	PRESENT
jp	24	app/assets/fonts/efontJA_24_subset.cpp	3b5b8a4c6d120242079a0534ffbcb1733b76a56cea84a0f237512388d88983ab	U+304D	き	HIRAGANA LETTER KI	24	16	PRESENT
jp	24	app/assets/fonts/efontJA_24_subset.cpp	3b5b8a4c6d120242079a0534ffbcb1733b76a56cea84a0f237512388d88983ab	U+304E	ぎ	HIRAGANA LETTER GI	24	21	PRESENT
jp	24	app/assets/fonts/efontJA_24_subset.cpp	3b5b8a4c6d120242079a0534ffbcb1733b76a56cea84a0f237512388d88983ab	U+304F	く	HIRAGANA LETTER KU	24	14	PRESENT
jp	24	app/assets/fonts/efontJA_24_subset.cpp	3b5b8a4c6d120242079a0534ffbcb1733b76a56cea84a0f237512388d88983ab	U+3050	ぐ	HIRAGANA LETTER GU	24	20	PRESENT
jp	24	app/assets/fonts/efontJA_24_subset.cpp	3b5b8a4c6d120242079a0534ffbcb1733b76a56cea84a0f237512388d88983ab	U+3051	け	HIRAGANA LETTER KE	24	22	PRESENT
jp	24	app/assets/fonts/efontJA_24_subset.cpp	3b5b8a4c6d120242079a0534ffbcb1733b76a56cea84a0f237512388d88983ab	U+3052	げ	HIRAGANA LETTER GE	24	23	PRESENT
jp	24	app/assets/fonts/efontJA_24_subset.cpp	3b5b8a4c6d120242079a0534ffbcb1733b76a56cea84a0f237512388d88983ab	U+3053	こ	HIRAGANA LETTER KO	24	17	PRESENT
jp	24	app/assets/fonts/efontJA_24_subset.cpp	3b5b8a4c6d120242079a0534ffbcb1733b76a56cea84a0f237512388d88983ab	U+3054	ご	HIRAGANA LETTER GO	24	21	PRESENT
jp	24	app/assets/fonts/efontJA_24_subset.cpp	3b5b8a4c6d120242079a0534ffbcb1733b76a56cea84a0f237512388d88983ab	U+3055	さ	HIRAGANA LETTER SA	24	17	PRESENT
jp	24	app/assets/fonts/efontJA_24_subset.cpp	3b5b8a4c6d120242079a0534ffbcb1733b76a56cea84a0f237512388d88983ab	U+3056	ざ	HIRAGANA LETTER ZA	24	21	PRESENT
jp	24	app/assets/fonts/efontJA_24_subset.cpp	3b5b8a4c6d120242079a0534ffbcb1733b76a56cea84a0f237512388d88983ab	U+3057	し	HIRAGANA LETTER SI	24	17	PRESENT
jp	24	app/assets/fonts/efontJA_24_subset.cpp	3b5b8a4c6d120242079a0534ffbcb1733b76a56cea84a0f237512388d88983ab	U+3058	じ	HIRAGANA LETTER ZI	24	17	PRESENT
jp	24	app/assets/fonts/efontJA_24_subset.cpp	3b5b8a4c6d120242079a0534ffbcb1733b76a56cea84a0f237512388d88983ab	U+3059	す	HIRAGANA LETTER SU	24	24	PRESENT
jp	24	app/assets/fonts/efontJA_24_subset.cpp	3b5b8a4c6d120242079a0534ffbcb1733b76a56cea84a0f237512388d88983ab	U+305A	ず	HIRAGANA LETTER ZU	24	24	PRESENT
jp	24	app/assets/fonts/efontJA_24_subset.cpp	3b5b8a4c6d120242079a0534ffbcb1733b76a56cea84a0f237512388d88983ab	U+305B	せ	HIRAGANA LETTER SE	24	24	PRESENT
jp	24	app/assets/fonts/efontJA_24_subset.cpp	3b5b8a4c6d120242079a0534ffbcb1733b76a56cea84a0f237512388d88983ab	U+305C	ぜ	HIRAGANA LETTER ZE	24	24	PRESENT
jp	24	app/assets/fonts/efontJA_24_subset.cpp	3b5b8a4c6d120242079a0534ffbcb1733b76a56cea84a0f237512388d88983ab	U+305D	そ	HIRAGANA LETTER SO	24	20	PRESENT
jp	24	app/assets/fonts/efontJA_24_subset.cpp	3b5b8a4c6d120242079a0534ffbcb1733b76a56cea84a0f237512388d88983ab	U+305E	ぞ	HIRAGANA LETTER ZO	24	22	PRESENT
jp	24	app/assets/fonts/efontJA_24_subset.cpp	3b5b8a4c6d120242079a0534ffbcb1733b76a56cea84a0f237512388d88983ab	U+305F	た	HIRAGANA LETTER TA	24	21	PRESENT
jp	24	app/assets/fonts/efontJA_24_subset.cpp	3b5b8a4c6d120242079a0534ffbcb1733b76a56cea84a0f237512388d88983ab	U+3060	だ	HIRAGANA LETTER DA	24	23	PRESENT
jp	24	app/assets/fonts/efontJA_24_subset.cpp	3b5b8a4c6d120242079a0534ffbcb1733b76a56cea84a0f237512388d88983ab	U+3061	ち	HIRAGANA LETTER TI	24	20	PRESENT
jp	24	app/assets/fonts/efontJA_24_subset.cpp	3b5b8a4c6d120242079a0534ffbcb1733b76a56cea84a0f237512388d88983ab	U+3062	ぢ	HIRAGANA LETTER DI	24	22	PRESENT
jp	24	app/assets/fonts/efontJA_24_subset.cpp	3b5b8a4c6d120242079a0534ffbcb1733b76a56cea84a0f237512388d88983ab	U+3063	っ	HIRAGANA LETTER SMALL TU	24	17	PRESENT
jp	24	app/assets/fonts/efontJA_24_subset.cpp	3b5b8a4c6d120242079a0534ffbcb1733b76a56cea84a0f237512388d88983ab	U+3064	つ	HIRAGANA LETTER TU	24	23	PRESENT
jp	24	app/assets/fonts/efontJA_24_subset.cpp	3b5b8a4c6d120242079a0534ffbcb1733b76a56cea84a0f237512388d88983ab	U+3065	づ	HIRAGANA LETTER DU	24	24	PRESENT
jp	24	app/assets/fonts/efontJA_24_subset.cpp	3b5b8a4c6d120242079a0534ffbcb1733b76a56cea84a0f237512388d88983ab	U+3066	て	HIRAGANA LETTER TE	24	20	PRESENT
jp	24	app/assets/fonts/efontJA_24_subset.cpp	3b5b8a4c6d120242079a0534ffbcb1733b76a56cea84a0f237512388d88983ab	U+3067	で	HIRAGANA LETTER DE	24	23	PRESENT
jp	24	app/assets/fonts/efontJA_24_subset.cpp	3b5b8a4c6d120242079a0534ffbcb1733b76a56cea84a0f237512388d88983ab	U+3068	と	HIRAGANA LETTER TO	24	15	PRESENT
jp	24	app/assets/fonts/efontJA_24_subset.cpp	3b5b8a4c6d120242079a0534ffbcb1733b76a56cea84a0f237512388d88983ab	U+3069	ど	HIRAGANA LETTER DO	24	19	PRESENT
jp	24	app/assets/fonts/efontJA_24_subset.cpp	3b5b8a4c6d120242079a0534ffbcb1733b76a56cea84a0f237512388d88983ab	U+306A	な	HIRAGANA LETTER NA	24	22	PRESENT
jp	24	app/assets/fonts/efontJA_24_subset.cpp	3b5b8a4c6d120242079a0534ffbcb1733b76a56cea84a0f237512388d88983ab	U+306B	に	HIRAGANA LETTER NI	24	21	PRESENT
jp	24	app/assets/fonts/efontJA_24_subset.cpp	3b5b8a4c6d120242079a0534ffbcb1733b76a56cea84a0f237512388d88983ab	U+306C	ぬ	HIRAGANA LETTER NU	24	23	PRESENT
jp	24	app/assets/fonts/efontJA_24_subset.cpp	3b5b8a4c6d120242079a0534ffbcb1733b76a56cea84a0f237512388d88983ab	U+306D	ね	HIRAGANA LETTER NE	24	22	PRESENT
jp	24	app/assets/fonts/efontJA_24_subset.cpp	3b5b8a4c6d120242079a0534ffbcb1733b76a56cea84a0f237512388d88983ab	U+306E	の	HIRAGANA LETTER NO	24	22	PRESENT
jp	24	app/assets/fonts/efontJA_24_subset.cpp	3b5b8a4c6d120242079a0534ffbcb1733b76a56cea84a0f237512388d88983ab	U+306F	は	HIRAGANA LETTER HA	24	22	PRESENT
jp	24	app/assets/fonts/efontJA_24_subset.cpp	3b5b8a4c6d120242079a0534ffbcb1733b76a56cea84a0f237512388d88983ab	U+3070	ば	HIRAGANA LETTER BA	24	23	PRESENT
jp	24	app/assets/fonts/efontJA_24_subset.cpp	3b5b8a4c6d120242079a0534ffbcb1733b76a56cea84a0f237512388d88983ab	U+3071	ぱ	HIRAGANA LETTER PA	24	23	PRESENT
jp	24	app/assets/fonts/efontJA_24_subset.cpp	3b5b8a4c6d120242079a0534ffbcb1733b76a56cea84a0f237512388d88983ab	U+3072	ひ	HIRAGANA LETTER HI	24	23	PRESENT
jp	24	app/assets/fonts/efontJA_24_subset.cpp	3b5b8a4c6d120242079a0534ffbcb1733b76a56cea84a0f237512388d88983ab	U+3073	び	HIRAGANA LETTER BI	24	24	PRESENT
jp	24	app/assets/fonts/efontJA_24_subset.cpp	3b5b8a4c6d120242079a0534ffbcb1733b76a56cea84a0f237512388d88983ab	U+3074	ぴ	HIRAGANA LETTER PI	24	24	PRESENT
jp	24	app/assets/fonts/efontJA_24_subset.cpp	3b5b8a4c6d120242079a0534ffbcb1733b76a56cea84a0f237512388d88983ab	U+3075	ふ	HIRAGANA LETTER HU	24	24	PRESENT
jp	24	app/assets/fonts/efontJA_24_subset.cpp	3b5b8a4c6d120242079a0534ffbcb1733b76a56cea84a0f237512388d88983ab	U+3076	ぶ	HIRAGANA LETTER BU	24	24	PRESENT
jp	24	app/assets/fonts/efontJA_24_subset.cpp	3b5b8a4c6d120242079a0534ffbcb1733b76a56cea84a0f237512388d88983ab	U+3077	ぷ	HIRAGANA LETTER PU	24	24	PRESENT
jp	24	app/assets/fonts/efontJA_24_subset.cpp	3b5b8a4c6d120242079a0534ffbcb1733b76a56cea84a0f237512388d88983ab	U+3078	へ	HIRAGANA LETTER HE	24	24	PRESENT
jp	24	app/assets/fonts/efontJA_24_subset.cpp	3b5b8a4c6d120242079a0534ffbcb1733b76a56cea84a0f237512388d88983ab	U+3079	べ	HIRAGANA LETTER BE	24	24	PRESENT
jp	24	app/assets/fonts/efontJA_24_subset.cpp	3b5b8a4c6d120242079a0534ffbcb1733b76a56cea84a0f237512388d88983ab	U+307A	ぺ	HIRAGANA LETTER PE	24	24	PRESENT
jp	24	app/assets/fonts/efontJA_24_subset.cpp	3b5b8a4c6d120242079a0534ffbcb1733b76a56cea84a0f237512388d88983ab	U+307B	ほ	HIRAGANA LETTER HO	24	22	PRESENT
jp	24	app/assets/fonts/efontJA_24_subset.cpp	3b5b8a4c6d120242079a0534ffbcb1733b76a56cea84a0f237512388d88983ab	U+307C	ぼ	HIRAGANA LETTER BO	24	23	PRESENT
jp	24	app/assets/fonts/efontJA_24_subset.cpp	3b5b8a4c6d120242079a0534ffbcb1733b76a56cea84a0f237512388d88983ab	U+307D	ぽ	HIRAGANA LETTER PO	24	23	PRESENT
jp	24	app/assets/fonts/efontJA_24_subset.cpp	3b5b8a4c6d120242079a0534ffbcb1733b76a56cea84a0f237512388d88983ab	U+307E	ま	HIRAGANA LETTER MA	24	17	PRESENT
jp	24	app/assets/fonts/efontJA_24_subset.cpp	3b5b8a4c6d120242079a0534ffbcb1733b76a56cea84a0f237512388d88983ab	U+307F	み	HIRAGANA LETTER MI	24	22	PRESENT
jp	24	app/assets/fonts/efontJA_24_subset.cpp	3b5b8a4c6d120242079a0534ffbcb1733b76a56cea84a0f237512388d88983ab	U+3080	む	HIRAGANA LETTER MU	24	22	PRESENT
jp	24	app/assets/fonts/efontJA_24_subset.cpp	3b5b8a4c6d120242079a0534ffbcb1733b76a56cea84a0f237512388d88983ab	U+3081	め	HIRAGANA LETTER ME	24	23	PRESENT
jp	24	app/assets/fonts/efontJA_24_subset.cpp	3b5b8a4c6d120242079a0534ffbcb1733b76a56cea84a0f237512388d88983ab	U+3082	も	HIRAGANA LETTER MO	24	16	PRESENT
jp	24	app/assets/fonts/efontJA_24_subset.cpp	3b5b8a4c6d120242079a0534ffbcb1733b76a56cea84a0f237512388d88983ab	U+3083	ゃ	HIRAGANA LETTER SMALL YA	24	18	PRESENT
jp	24	app/assets/fonts/efontJA_24_subset.cpp	3b5b8a4c6d120242079a0534ffbcb1733b76a56cea84a0f237512388d88983ab	U+3084	や	HIRAGANA LETTER YA	24	24	PRESENT
jp	24	app/assets/fonts/efontJA_24_subset.cpp	3b5b8a4c6d120242079a0534ffbcb1733b76a56cea84a0f237512388d88983ab	U+3085	ゅ	HIRAGANA LETTER SMALL YU	24	15	PRESENT
jp	24	app/assets/fonts/efontJA_24_subset.cpp	3b5b8a4c6d120242079a0534ffbcb1733b76a56cea84a0f237512388d88983ab	U+3086	ゆ	HIRAGANA LETTER YU	24	22	PRESENT
jp	24	app/assets/fonts/efontJA_24_subset.cpp	3b5b8a4c6d120242079a0534ffbcb1733b76a56cea84a0f237512388d88983ab	U+3087	ょ	HIRAGANA LETTER SMALL YO	24	12	PRESENT
jp	24	app/assets/fonts/efontJA_24_subset.cpp	3b5b8a4c6d120242079a0534ffbcb1733b76a56cea84a0f237512388d88983ab	U+3088	よ	HIRAGANA LETTER YO	24	17	PRESENT
jp	24	app/assets/fonts/efontJA_24_subset.cpp	3b5b8a4c6d120242079a0534ffbcb1733b76a56cea84a0f237512388d88983ab	U+3089	ら	HIRAGANA LETTER RA	24	17	PRESENT
jp	24	app/assets/fonts/efontJA_24_subset.cpp	3b5b8a4c6d120242079a0534ffbcb1733b76a56cea84a0f237512388d88983ab	U+308A	り	HIRAGANA LETTER RI	24	13	PRESENT
jp	24	app/assets/fonts/efontJA_24_subset.cpp	3b5b8a4c6d120242079a0534ffbcb1733b76a56cea84a0f237512388d88983ab	U+308B	る	HIRAGANA LETTER RU	24	17	PRESENT
jp	24	app/assets/fonts/efontJA_24_subset.cpp	3b5b8a4c6d120242079a0534ffbcb1733b76a56cea84a0f237512388d88983ab	U+308C	れ	HIRAGANA LETTER RE	24	24	PRESENT
jp	24	app/assets/fonts/efontJA_24_subset.cpp	3b5b8a4c6d120242079a0534ffbcb1733b76a56cea84a0f237512388d88983ab	U+308D	ろ	HIRAGANA LETTER RO	24	19	PRESENT
jp	24	app/assets/fonts/efontJA_24_subset.cpp	3b5b8a4c6d120242079a0534ffbcb1733b76a56cea84a0f237512388d88983ab	U+308F	わ	HIRAGANA LETTER WA	24	22	PRESENT
jp	24	app/assets/fonts/efontJA_24_subset.cpp	3b5b8a4c6d120242079a0534ffbcb1733b76a56cea84a0f237512388d88983ab	U+3092	を	HIRAGANA LETTER WO	24	18	PRESENT
jp	24	app/assets/fonts/efontJA_24_subset.cpp	3b5b8a4c6d120242079a0534ffbcb1733b76a56cea84a0f237512388d88983ab	U+3093	ん	HIRAGANA LETTER N	24	22	PRESENT
jp	24	app/assets/fonts/efontJA_24_subset.cpp	3b5b8a4c6d120242079a0534ffbcb1733b76a56cea84a0f237512388d88983ab	U+30A1	ァ	KATAKANA LETTER SMALL A	24	16	PRESENT
jp	24	app/assets/fonts/efontJA_24_subset.cpp	3b5b8a4c6d120242079a0534ffbcb1733b76a56cea84a0f237512388d88983ab	U+30A2	ア	KATAKANA LETTER A	24	21	PRESENT
jp	24	app/assets/fonts/efontJA_24_subset.cpp	3b5b8a4c6d120242079a0534ffbcb1733b76a56cea84a0f237512388d88983ab	U+30A3	ィ	KATAKANA LETTER SMALL I	24	11	PRESENT
jp	24	app/assets/fonts/efontJA_24_subset.cpp	3b5b8a4c6d120242079a0534ffbcb1733b76a56cea84a0f237512388d88983ab	U+30A4	イ	KATAKANA LETTER I	24	16	PRESENT
jp	24	app/assets/fonts/efontJA_24_subset.cpp	3b5b8a4c6d120242079a0534ffbcb1733b76a56cea84a0f237512388d88983ab	U+30A6	ウ	KATAKANA LETTER U	24	20	PRESENT
jp	24	app/assets/fonts/efontJA_24_subset.cpp	3b5b8a4c6d120242079a0534ffbcb1733b76a56cea84a0f237512388d88983ab	U+30A7	ェ	KATAKANA LETTER SMALL E	24	17	PRESENT
jp	24	app/assets/fonts/efontJA_24_subset.cpp	3b5b8a4c6d120242079a0534ffbcb1733b76a56cea84a0f237512388d88983ab	U+30A8	エ	KATAKANA LETTER E	24	23	PRESENT
jp	24	app/assets/fonts/efontJA_24_subset.cpp	3b5b8a4c6d120242079a0534ffbcb1733b76a56cea84a0f237512388d88983ab	U+30A9	ォ	KATAKANA LETTER SMALL O	24	16	PRESENT
jp	24	app/assets/fonts/efontJA_24_subset.cpp	3b5b8a4c6d120242079a0534ffbcb1733b76a56cea84a0f237512388d88983ab	U+30AA	オ	KATAKANA LETTER O	24	22	PRESENT
jp	24	app/assets/fonts/efontJA_24_subset.cpp	3b5b8a4c6d120242079a0534ffbcb1733b76a56cea84a0f237512388d88983ab	U+30AB	カ	KATAKANA LETTER KA	24	20	PRESENT
jp	24	app/assets/fonts/efontJA_24_subset.cpp	3b5b8a4c6d120242079a0534ffbcb1733b76a56cea84a0f237512388d88983ab	U+30AC	ガ	KATAKANA LETTER GA	24	23	PRESENT
jp	24	app/assets/fonts/efontJA_24_subset.cpp	3b5b8a4c6d120242079a0534ffbcb1733b76a56cea84a0f237512388d88983ab	U+30AD	キ	KATAKANA LETTER KI	24	21	PRESENT
jp	24	app/assets/fonts/efontJA_24_subset.cpp	3b5b8a4c6d120242079a0534ffbcb1733b76a56cea84a0f237512388d88983ab	U+30AE	ギ	KATAKANA LETTER GI	24	23	PRESENT
jp	24	app/assets/fonts/efontJA_24_subset.cpp	3b5b8a4c6d120242079a0534ffbcb1733b76a56cea84a0f237512388d88983ab	U+30AF	ク	KATAKANA LETTER KU	24	17	PRESENT
jp	24	app/assets/fonts/efontJA_24_subset.cpp	3b5b8a4c6d120242079a0534ffbcb1733b76a56cea84a0f237512388d88983ab	U+30B0	グ	KATAKANA LETTER GU	24	22	PRESENT
jp	24	app/assets/fonts/efontJA_24_subset.cpp	3b5b8a4c6d120242079a0534ffbcb1733b76a56cea84a0f237512388d88983ab	U+30B1	ケ	KATAKANA LETTER KE	24	21	PRESENT
jp	24	app/assets/fonts/efontJA_24_subset.cpp	3b5b8a4c6d120242079a0534ffbcb1733b76a56cea84a0f237512388d88983ab	U+30B2	ゲ	KATAKANA LETTER GE	24	22	PRESENT
jp	24	app/assets/fonts/efontJA_24_subset.cpp	3b5b8a4c6d120242079a0534ffbcb1733b76a56cea84a0f237512388d88983ab	U+30B3	コ	KATAKANA LETTER KO	24	18	PRESENT
jp	24	app/assets/fonts/efontJA_24_subset.cpp	3b5b8a4c6d120242079a0534ffbcb1733b76a56cea84a0f237512388d88983ab	U+30B4	ゴ	KATAKANA LETTER GO	24	21	PRESENT
jp	24	app/assets/fonts/efontJA_24_subset.cpp	3b5b8a4c6d120242079a0534ffbcb1733b76a56cea84a0f237512388d88983ab	U+30B5	サ	KATAKANA LETTER SA	24	24	PRESENT
jp	24	app/assets/fonts/efontJA_24_subset.cpp	3b5b8a4c6d120242079a0534ffbcb1733b76a56cea84a0f237512388d88983ab	U+30B6	ザ	KATAKANA LETTER ZA	24	24	PRESENT
jp	24	app/assets/fonts/efontJA_24_subset.cpp	3b5b8a4c6d120242079a0534ffbcb1733b76a56cea84a0f237512388d88983ab	U+30B7	シ	KATAKANA LETTER SI	24	20	PRESENT
jp	24	app/assets/fonts/efontJA_24_subset.cpp	3b5b8a4c6d120242079a0534ffbcb1733b76a56cea84a0f237512388d88983ab	U+30B8	ジ	KATAKANA LETTER ZI	24	21	PRESENT
jp	24	app/assets/fonts/efontJA_24_subset.cpp	3b5b8a4c6d120242079a0534ffbcb1733b76a56cea84a0f237512388d88983ab	U+30B9	ス	KATAKANA LETTER SU	24	21	PRESENT
jp	24	app/assets/fonts/efontJA_24_subset.cpp	3b5b8a4c6d120242079a0534ffbcb1733b76a56cea84a0f237512388d88983ab	U+30BA	ズ	KATAKANA LETTER ZU	24	23	PRESENT
jp	24	app/assets/fonts/efontJA_24_subset.cpp	3b5b8a4c6d120242079a0534ffbcb1733b76a56cea84a0f237512388d88983ab	U+30BB	セ	KATAKANA LETTER SE	24	21	PRESENT
jp	24	app/assets/fonts/efontJA_24_subset.cpp	3b5b8a4c6d120242079a0534ffbcb1733b76a56cea84a0f237512388d88983ab	U+30BC	ゼ	KATAKANA LETTER ZE	24	23	PRESENT
jp	24	app/assets/fonts/efontJA_24_subset.cpp	3b5b8a4c6d120242079a0534ffbcb1733b76a56cea84a0f237512388d88983ab	U+30BD	ソ	KATAKANA LETTER SO	24	18	PRESENT
jp	24	app/assets/fonts/efontJA_24_subset.cpp	3b5b8a4c6d120242079a0534ffbcb1733b76a56cea84a0f237512388d88983ab	U+30BE	ゾ	KATAKANA LETTER ZO	24	23	PRESENT
jp	24	app/assets/fonts/efontJA_24_subset.cpp	3b5b8a4c6d120242079a0534ffbcb1733b76a56cea84a0f237512388d88983ab	U+30BF	タ	KATAKANA LETTER TA	24	18	PRESENT
jp	24	app/assets/fonts/efontJA_24_subset.cpp	3b5b8a4c6d120242079a0534ffbcb1733b76a56cea84a0f237512388d88983ab	U+30C0	ダ	KATAKANA LETTER DA	24	22	PRESENT
jp	24	app/assets/fonts/efontJA_24_subset.cpp	3b5b8a4c6d120242079a0534ffbcb1733b76a56cea84a0f237512388d88983ab	U+30C1	チ	KATAKANA LETTER TI	24	22	PRESENT
jp	24	app/assets/fonts/efontJA_24_subset.cpp	3b5b8a4c6d120242079a0534ffbcb1733b76a56cea84a0f237512388d88983ab	U+30C3	ッ	KATAKANA LETTER SMALL TU	24	15	PRESENT
jp	24	app/assets/fonts/efontJA_24_subset.cpp	3b5b8a4c6d120242079a0534ffbcb1733b76a56cea84a0f237512388d88983ab	U+30C4	ツ	KATAKANA LETTER TU	24	20	PRESENT
jp	24	app/assets/fonts/efontJA_24_subset.cpp	3b5b8a4c6d120242079a0534ffbcb1733b76a56cea84a0f237512388d88983ab	U+30C6	テ	KATAKANA LETTER TE	24	22	PRESENT
jp	24	app/assets/fonts/efontJA_24_subset.cpp	3b5b8a4c6d120242079a0534ffbcb1733b76a56cea84a0f237512388d88983ab	U+30C7	デ	KATAKANA LETTER DE	24	23	PRESENT
jp	24	app/assets/fonts/efontJA_24_subset.cpp	3b5b8a4c6d120242079a0534ffbcb1733b76a56cea84a0f237512388d88983ab	U+30C8	ト	KATAKANA LETTER TO	24	14	PRESENT
jp	24	app/assets/fonts/efontJA_24_subset.cpp	3b5b8a4c6d120242079a0534ffbcb1733b76a56cea84a0f237512388d88983ab	U+30C9	ド	KATAKANA LETTER DO	24	15	PRESENT
jp	24	app/assets/fonts/efontJA_24_subset.cpp	3b5b8a4c6d120242079a0534ffbcb1733b76a56cea84a0f237512388d88983ab	U+30CA	ナ	KATAKANA LETTER NA	24	22	PRESENT
jp	24	app/assets/fonts/efontJA_24_subset.cpp	3b5b8a4c6d120242079a0534ffbcb1733b76a56cea84a0f237512388d88983ab	U+30CB	ニ	KATAKANA LETTER NI	24	22	PRESENT
jp	24	app/assets/fonts/efontJA_24_subset.cpp	3b5b8a4c6d120242079a0534ffbcb1733b76a56cea84a0f237512388d88983ab	U+30CC	ヌ	KATAKANA LETTER NU	24	18	PRESENT
jp	24	app/assets/fonts/efontJA_24_subset.cpp	3b5b8a4c6d120242079a0534ffbcb1733b76a56cea84a0f237512388d88983ab	U+30CD	ネ	KATAKANA LETTER NE	24	21	PRESENT
jp	24	app/assets/fonts/efontJA_24_subset.cpp	3b5b8a4c6d120242079a0534ffbcb1733b76a56cea84a0f237512388d88983ab	U+30CE	ノ	KATAKANA LETTER NO	24	18	PRESENT
jp	24	app/assets/fonts/efontJA_24_subset.cpp	3b5b8a4c6d120242079a0534ffbcb1733b76a56cea84a0f237512388d88983ab	U+30CF	ハ	KATAKANA LETTER HA	24	23	PRESENT
jp	24	app/assets/fonts/efontJA_24_subset.cpp	3b5b8a4c6d120242079a0534ffbcb1733b76a56cea84a0f237512388d88983ab	U+30D0	バ	KATAKANA LETTER BA	24	24	PRESENT
jp	24	app/assets/fonts/efontJA_24_subset.cpp	3b5b8a4c6d120242079a0534ffbcb1733b76a56cea84a0f237512388d88983ab	U+30D1	パ	KATAKANA LETTER PA	24	24	PRESENT
jp	24	app/assets/fonts/efontJA_24_subset.cpp	3b5b8a4c6d120242079a0534ffbcb1733b76a56cea84a0f237512388d88983ab	U+30D2	ヒ	KATAKANA LETTER HI	24	17	PRESENT
jp	24	app/assets/fonts/efontJA_24_subset.cpp	3b5b8a4c6d120242079a0534ffbcb1733b76a56cea84a0f237512388d88983ab	U+30D3	ビ	KATAKANA LETTER BI	24	21	PRESENT
jp	24	app/assets/fonts/efontJA_24_subset.cpp	3b5b8a4c6d120242079a0534ffbcb1733b76a56cea84a0f237512388d88983ab	U+30D4	ピ	KATAKANA LETTER PI	24	20	PRESENT
jp	24	app/assets/fonts/efontJA_24_subset.cpp	3b5b8a4c6d120242079a0534ffbcb1733b76a56cea84a0f237512388d88983ab	U+30D5	フ	KATAKANA LETTER HU	24	18	PRESENT
jp	24	app/assets/fonts/efontJA_24_subset.cpp	3b5b8a4c6d120242079a0534ffbcb1733b76a56cea84a0f237512388d88983ab	U+30D6	ブ	KATAKANA LETTER BU	24	22	PRESENT
jp	24	app/assets/fonts/efontJA_24_subset.cpp	3b5b8a4c6d120242079a0534ffbcb1733b76a56cea84a0f237512388d88983ab	U+30D7	プ	KATAKANA LETTER PU	24	23	PRESENT
jp	24	app/assets/fonts/efontJA_24_subset.cpp	3b5b8a4c6d120242079a0534ffbcb1733b76a56cea84a0f237512388d88983ab	U+30D8	ヘ	KATAKANA LETTER HE	24	24	PRESENT
jp	24	app/assets/fonts/efontJA_24_subset.cpp	3b5b8a4c6d120242079a0534ffbcb1733b76a56cea84a0f237512388d88983ab	U+30D9	ベ	KATAKANA LETTER BE	24	24	PRESENT
jp	24	app/assets/fonts/efontJA_24_subset.cpp	3b5b8a4c6d120242079a0534ffbcb1733b76a56cea84a0f237512388d88983ab	U+30DA	ペ	KATAKANA LETTER PE	24	24	PRESENT
jp	24	app/assets/fonts/efontJA_24_subset.cpp	3b5b8a4c6d120242079a0534ffbcb1733b76a56cea84a0f237512388d88983ab	U+30DB	ホ	KATAKANA LETTER HO	24	21	PRESENT
jp	24	app/assets/fonts/efontJA_24_subset.cpp	3b5b8a4c6d120242079a0534ffbcb1733b76a56cea84a0f237512388d88983ab	U+30DC	ボ	KATAKANA LETTER BO	24	22	PRESENT
jp	24	app/assets/fonts/efontJA_24_subset.cpp	3b5b8a4c6d120242079a0534ffbcb1733b76a56cea84a0f237512388d88983ab	U+30DD	ポ	KATAKANA LETTER PO	24	23	PRESENT
jp	24	app/assets/fonts/efontJA_24_subset.cpp	3b5b8a4c6d120242079a0534ffbcb1733b76a56cea84a0f237512388d88983ab	U+30DE	マ	KATAKANA LETTER MA	24	22	PRESENT
jp	24	app/assets/fonts/efontJA_24_subset.cpp	3b5b8a4c6d120242079a0534ffbcb1733b76a56cea84a0f237512388d88983ab	U+30DF	ミ	KATAKANA LETTER MI	24	14	PRESENT
jp	24	app/assets/fonts/efontJA_24_subset.cpp	3b5b8a4c6d120242079a0534ffbcb1733b76a56cea84a0f237512388d88983ab	U+30E0	ム	KATAKANA LETTER MU	24	21	PRESENT
jp	24	app/assets/fonts/efontJA_24_subset.cpp	3b5b8a4c6d120242079a0534ffbcb1733b76a56cea84a0f237512388d88983ab	U+30E1	メ	KATAKANA LETTER ME	24	19	PRESENT
jp	24	app/assets/fonts/efontJA_24_subset.cpp	3b5b8a4c6d120242079a0534ffbcb1733b76a56cea84a0f237512388d88983ab	U+30E2	モ	KATAKANA LETTER MO	24	21	PRESENT
jp	24	app/assets/fonts/efontJA_24_subset.cpp	3b5b8a4c6d120242079a0534ffbcb1733b76a56cea84a0f237512388d88983ab	U+30E3	ャ	KATAKANA LETTER SMALL YA	24	19	PRESENT
jp	24	app/assets/fonts/efontJA_24_subset.cpp	3b5b8a4c6d120242079a0534ffbcb1733b76a56cea84a0f237512388d88983ab	U+30E4	ヤ	KATAKANA LETTER YA	24	24	PRESENT
jp	24	app/assets/fonts/efontJA_24_subset.cpp	3b5b8a4c6d120242079a0534ffbcb1733b76a56cea84a0f237512388d88983ab	U+30E5	ュ	KATAKANA LETTER SMALL YU	24	18	PRESENT
jp	24	app/assets/fonts/efontJA_24_subset.cpp	3b5b8a4c6d120242079a0534ffbcb1733b76a56cea84a0f237512388d88983ab	U+30E6	ユ	KATAKANA LETTER YU	24	24	PRESENT
jp	24	app/assets/fonts/efontJA_24_subset.cpp	3b5b8a4c6d120242079a0534ffbcb1733b76a56cea84a0f237512388d88983ab	U+30E7	ョ	KATAKANA LETTER SMALL YO	24	12	PRESENT
jp	24	app/assets/fonts/efontJA_24_subset.cpp	3b5b8a4c6d120242079a0534ffbcb1733b76a56cea84a0f237512388d88983ab	U+30E8	ヨ	KATAKANA LETTER YO	24	17	PRESENT
jp	24	app/assets/fonts/efontJA_24_subset.cpp	3b5b8a4c6d120242079a0534ffbcb1733b76a56cea84a0f237512388d88983ab	U+30E9	ラ	KATAKANA LETTER RA	24	18	PRESENT
jp	24	app/assets/fonts/efontJA_24_subset.cpp	3b5b8a4c6d120242079a0534ffbcb1733b76a56cea84a0f237512388d88983ab	U+30EA	リ	KATAKANA LETTER RI	24	14	PRESENT
jp	24	app/assets/fonts/efontJA_24_subset.cpp	3b5b8a4c6d120242079a0534ffbcb1733b76a56cea84a0f237512388d88983ab	U+30EB	ル	KATAKANA LETTER RU	24	24	PRESENT
jp	24	app/assets/fonts/efontJA_24_subset.cpp	3b5b8a4c6d120242079a0534ffbcb1733b76a56cea84a0f237512388d88983ab	U+30EC	レ	KATAKANA LETTER RE	24	19	PRESENT
jp	24	app/assets/fonts/efontJA_24_subset.cpp	3b5b8a4c6d120242079a0534ffbcb1733b76a56cea84a0f237512388d88983ab	U+30ED	ロ	KATAKANA LETTER RO	24	20	PRESENT
jp	24	app/assets/fonts/efontJA_24_subset.cpp	3b5b8a4c6d120242079a0534ffbcb1733b76a56cea84a0f237512388d88983ab	U+30EF	ワ	KATAKANA LETTER WA	24	20	PRESENT
jp	24	app/assets/fonts/efontJA_24_subset.cpp	3b5b8a4c6d120242079a0534ffbcb1733b76a56cea84a0f237512388d88983ab	U+30F2	ヲ	KATAKANA LETTER WO	24	17	PRESENT
jp	24	app/assets/fonts/efontJA_24_subset.cpp	3b5b8a4c6d120242079a0534ffbcb1733b76a56cea84a0f237512388d88983ab	U+30F3	ン	KATAKANA LETTER N	24	20	PRESENT
jp	24	app/assets/fonts/efontJA_24_subset.cpp	3b5b8a4c6d120242079a0534ffbcb1733b76a56cea84a0f237512388d88983ab	U+30F4	ヴ	KATAKANA LETTER VU	24	22	PRESENT
jp	24	app/assets/fonts/efontJA_24_subset.cpp	3b5b8a4c6d120242079a0534ffbcb1733b76a56cea84a0f237512388d88983ab	U+30F5	ヵ	KATAKANA LETTER SMALL KA	24	15	PRESENT
jp	24	app/assets/fonts/efontJA_24_subset.cpp	3b5b8a4c6d120242079a0534ffbcb1733b76a56cea84a0f237512388d88983ab	U+30F6	ヶ	KATAKANA LETTER SMALL KE	24	16	PRESENT
jp	24	app/assets/fonts/efontJA_24_subset.cpp	3b5b8a4c6d120242079a0534ffbcb1733b76a56cea84a0f237512388d88983ab	U+30FC	ー	KATAKANA-HIRAGANA PROLONGED SOUND MARK	24	22	PRESENT
jp	24	app/assets/fonts/efontJA_24_subset.cpp	3b5b8a4c6d120242079a0534ffbcb1733b76a56cea84a0f237512388d88983ab	U+4E0A	上	CJK UNIFIED IDEOGRAPH-4E0A	24	24	PRESENT
jp	24	app/assets/fonts/efontJA_24_subset.cpp	3b5b8a4c6d120242079a0534ffbcb1733b76a56cea84a0f237512388d88983ab	U+4E2D	中	CJK UNIFIED IDEOGRAPH-4E2D	24	21	PRESENT
jp	24	app/assets/fonts/efontJA_24_subset.cpp	3b5b8a4c6d120242079a0534ffbcb1733b76a56cea84a0f237512388d88983ab	U+4E86	了	CJK UNIFIED IDEOGRAPH-4E86	24	22	PRESENT
jp	24	app/assets/fonts/efontJA_24_subset.cpp	3b5b8a4c6d120242079a0534ffbcb1733b76a56cea84a0f237512388d88983ab	U+4F7F	使	CJK UNIFIED IDEOGRAPH-4F7F	24	24	PRESENT
jp	24	app/assets/fonts/efontJA_24_subset.cpp	3b5b8a4c6d120242079a0534ffbcb1733b76a56cea84a0f237512388d88983ab	U+4FDD	保	CJK UNIFIED IDEOGRAPH-4FDD	24	24	PRESENT
jp	24	app/assets/fonts/efontJA_24_subset.cpp	3b5b8a4c6d120242079a0534ffbcb1733b76a56cea84a0f237512388d88983ab	U+5024	値	CJK UNIFIED IDEOGRAPH-5024	24	24	PRESENT
jp	24	app/assets/fonts/efontJA_24_subset.cpp	3b5b8a4c6d120242079a0534ffbcb1733b76a56cea84a0f237512388d88983ab	U+5165	入	CJK UNIFIED IDEOGRAPH-5165	24	24	PRESENT
jp	24	app/assets/fonts/efontJA_24_subset.cpp	3b5b8a4c6d120242079a0534ffbcb1733b76a56cea84a0f237512388d88983ab	U+518D	再	CJK UNIFIED IDEOGRAPH-518D	24	24	PRESENT
jp	24	app/assets/fonts/efontJA_24_subset.cpp	3b5b8a4c6d120242079a0534ffbcb1733b76a56cea84a0f237512388d88983ab	U+51FA	出	CJK UNIFIED IDEOGRAPH-51FA	24	21	PRESENT
jp	24	app/assets/fonts/efontJA_24_subset.cpp	3b5b8a4c6d120242079a0534ffbcb1733b76a56cea84a0f237512388d88983ab	U+5206	分	CJK UNIFIED IDEOGRAPH-5206	24	24	PRESENT
jp	24	app/assets/fonts/efontJA_24_subset.cpp	3b5b8a4c6d120242079a0534ffbcb1733b76a56cea84a0f237512388d88983ab	U+524A	削	CJK UNIFIED IDEOGRAPH-524A	24	24	PRESENT
jp	24	app/assets/fonts/efontJA_24_subset.cpp	3b5b8a4c6d120242079a0534ffbcb1733b76a56cea84a0f237512388d88983ab	U+529B	力	CJK UNIFIED IDEOGRAPH-529B	24	21	PRESENT
jp	24	app/assets/fonts/efontJA_24_subset.cpp	3b5b8a4c6d120242079a0534ffbcb1733b76a56cea84a0f237512388d88983ab	U+52A0	加	CJK UNIFIED IDEOGRAPH-52A0	24	24	PRESENT
jp	24	app/assets/fonts/efontJA_24_subset.cpp	3b5b8a4c6d120242079a0534ffbcb1733b76a56cea84a0f237512388d88983ab	U+52D5	動	CJK UNIFIED IDEOGRAPH-52D5	24	24	PRESENT
jp	24	app/assets/fonts/efontJA_24_subset.cpp	3b5b8a4c6d120242079a0534ffbcb1733b76a56cea84a0f237512388d88983ab	U+5408	合	CJK UNIFIED IDEOGRAPH-5408	24	24	PRESENT
jp	24	app/assets/fonts/efontJA_24_subset.cpp	3b5b8a4c6d120242079a0534ffbcb1733b76a56cea84a0f237512388d88983ab	U+56FD	国	CJK UNIFIED IDEOGRAPH-56FD	24	23	PRESENT
jp	24	app/assets/fonts/efontJA_24_subset.cpp	3b5b8a4c6d120242079a0534ffbcb1733b76a56cea84a0f237512388d88983ab	U+5727	圧	CJK UNIFIED IDEOGRAPH-5727	24	24	PRESENT
jp	24	app/assets/fonts/efontJA_24_subset.cpp	3b5b8a4c6d120242079a0534ffbcb1733b76a56cea84a0f237512388d88983ab	U+5747	均	CJK UNIFIED IDEOGRAPH-5747	24	24	PRESENT
jp	24	app/assets/fonts/efontJA_24_subset.cpp	3b5b8a4c6d120242079a0534ffbcb1733b76a56cea84a0f237512388d88983ab	U+5831	報	CJK UNIFIED IDEOGRAPH-5831	24	24	PRESENT
jp	24	app/assets/fonts/efontJA_24_subset.cpp	3b5b8a4c6d120242079a0534ffbcb1733b76a56cea84a0f237512388d88983ab	U+5909	変	CJK UNIFIED IDEOGRAPH-5909	24	24	PRESENT
jp	24	app/assets/fonts/efontJA_24_subset.cpp	3b5b8a4c6d120242079a0534ffbcb1733b76a56cea84a0f237512388d88983ab	U+5B58	存	CJK UNIFIED IDEOGRAPH-5B58	24	24	PRESENT
jp	24	app/assets/fonts/efontJA_24_subset.cpp	3b5b8a4c6d120242079a0534ffbcb1733b76a56cea84a0f237512388d88983ab	U+5B8C	完	CJK UNIFIED IDEOGRAPH-5B8C	24	24	PRESENT
jp	24	app/assets/fonts/efontJA_24_subset.cpp	3b5b8a4c6d120242079a0534ffbcb1733b76a56cea84a0f237512388d88983ab	U+5B9A	定	CJK UNIFIED IDEOGRAPH-5B9A	24	24	PRESENT
jp	24	app/assets/fonts/efontJA_24_subset.cpp	3b5b8a4c6d120242079a0534ffbcb1733b76a56cea84a0f237512388d88983ab	U+5B9F	実	CJK UNIFIED IDEOGRAPH-5B9F	24	24	PRESENT
jp	24	app/assets/fonts/efontJA_24_subset.cpp	3b5b8a4c6d120242079a0534ffbcb1733b76a56cea84a0f237512388d88983ab	U+5BB9	容	CJK UNIFIED IDEOGRAPH-5BB9	24	24	PRESENT
jp	24	app/assets/fonts/efontJA_24_subset.cpp	3b5b8a4c6d120242079a0534ffbcb1733b76a56cea84a0f237512388d88983ab	U+5E73	平	CJK UNIFIED IDEOGRAPH-5E73	24	24	PRESENT
jp	24	app/assets/fonts/efontJA_24_subset.cpp	3b5b8a4c6d120242079a0534ffbcb1733b76a56cea84a0f237512388d88983ab	U+5F62	形	CJK UNIFIED IDEOGRAPH-5F62	24	24	PRESENT
jp	24	app/assets/fonts/efontJA_24_subset.cpp	3b5b8a4c6d120242079a0534ffbcb1733b76a56cea84a0f237512388d88983ab	U+5F85	待	CJK UNIFIED IDEOGRAPH-5F85	24	24	PRESENT
jp	24	app/assets/fonts/efontJA_24_subset.cpp	3b5b8a4c6d120242079a0534ffbcb1733b76a56cea84a0f237512388d88983ab	U+5FC5	必	CJK UNIFIED IDEOGRAPH-5FC5	24	24	PRESENT
jp	24	app/assets/fonts/efontJA_24_subset.cpp	3b5b8a4c6d120242079a0534ffbcb1733b76a56cea84a0f237512388d88983ab	U+60C5	情	CJK UNIFIED IDEOGRAPH-60C5	24	24	PRESENT
jp	24	app/assets/fonts/efontJA_24_subset.cpp	3b5b8a4c6d120242079a0534ffbcb1733b76a56cea84a0f237512388d88983ab	U+623B	戻	CJK UNIFIED IDEOGRAPH-623B	24	24	PRESENT
jp	24	app/assets/fonts/efontJA_24_subset.cpp	3b5b8a4c6d120242079a0534ffbcb1733b76a56cea84a0f237512388d88983ab	U+63A5	接	CJK UNIFIED IDEOGRAPH-63A5	24	24	PRESENT
jp	24	app/assets/fonts/efontJA_24_subset.cpp	3b5b8a4c6d120242079a0534ffbcb1733b76a56cea84a0f237512388d88983ab	U+65B0	新	CJK UNIFIED IDEOGRAPH-65B0	24	24	PRESENT
jp	24	app/assets/fonts/efontJA_24_subset.cpp	3b5b8a4c6d120242079a0534ffbcb1733b76a56cea84a0f237512388d88983ab	U+65E5	日	CJK UNIFIED IDEOGRAPH-65E5	24	17	PRESENT
jp	24	app/assets/fonts/efontJA_24_subset.cpp	3b5b8a4c6d120242079a0534ffbcb1733b76a56cea84a0f237512388d88983ab	U+660E	明	CJK UNIFIED IDEOGRAPH-660E	24	23	PRESENT
jp	24	app/assets/fonts/efontJA_24_subset.cpp	3b5b8a4c6d120242079a0534ffbcb1733b76a56cea84a0f237512388d88983ab	U+6642	時	CJK UNIFIED IDEOGRAPH-6642	24	23	PRESENT
jp	24	app/assets/fonts/efontJA_24_subset.cpp	3b5b8a4c6d120242079a0534ffbcb1733b76a56cea84a0f237512388d88983ab	U+66F4	更	CJK UNIFIED IDEOGRAPH-66F4	24	24	PRESENT
jp	24	app/assets/fonts/efontJA_24_subset.cpp	3b5b8a4c6d120242079a0534ffbcb1733b76a56cea84a0f237512388d88983ab	U+6700	最	CJK UNIFIED IDEOGRAPH-6700	24	24	PRESENT
jp	24	app/assets/fonts/efontJA_24_subset.cpp	3b5b8a4c6d120242079a0534ffbcb1733b76a56cea84a0f237512388d88983ab	U+672C	本	CJK UNIFIED IDEOGRAPH-672C	24	24	PRESENT
jp	24	app/assets/fonts/efontJA_24_subset.cpp	3b5b8a4c6d120242079a0534ffbcb1733b76a56cea84a0f237512388d88983ab	U+6821	校	CJK UNIFIED IDEOGRAPH-6821	24	24	PRESENT
jp	24	app/assets/fonts/efontJA_24_subset.cpp	3b5b8a4c6d120242079a0534ffbcb1733b76a56cea84a0f237512388d88983ab	U+6A5F	機	CJK UNIFIED IDEOGRAPH-6A5F	24	24	PRESENT
jp	24	app/assets/fonts/efontJA_24_subset.cpp	3b5b8a4c6d120242079a0534ffbcb1733b76a56cea84a0f237512388d88983ab	U+6B63	正	CJK UNIFIED IDEOGRAPH-6B63	24	24	PRESENT
jp	24	app/assets/fonts/efontJA_24_subset.cpp	3b5b8a4c6d120242079a0534ffbcb1733b76a56cea84a0f237512388d88983ab	U+6CE2	波	CJK UNIFIED IDEOGRAPH-6CE2	24	24	PRESENT
jp	24	app/assets/fonts/efontJA_24_subset.cpp	3b5b8a4c6d120242079a0534ffbcb1733b76a56cea84a0f237512388d88983ab	U+6D41	流	CJK UNIFIED IDEOGRAPH-6D41	24	24	PRESENT
jp	24	app/assets/fonts/efontJA_24_subset.cpp	3b5b8a4c6d120242079a0534ffbcb1733b76a56cea84a0f237512388d88983ab	U+7528	用	CJK UNIFIED IDEOGRAPH-7528	24	23	PRESENT
jp	24	app/assets/fonts/efontJA_24_subset.cpp	3b5b8a4c6d120242079a0534ffbcb1733b76a56cea84a0f237512388d88983ab	U+7D42	終	CJK UNIFIED IDEOGRAPH-7D42	24	24	PRESENT
jp	24	app/assets/fonts/efontJA_24_subset.cpp	3b5b8a4c6d120242079a0534ffbcb1733b76a56cea84a0f237512388d88983ab	U+7D9A	続	CJK UNIFIED IDEOGRAPH-7D9A	24	24	PRESENT
jp	24	app/assets/fonts/efontJA_24_subset.cpp	3b5b8a4c6d120242079a0534ffbcb1733b76a56cea84a0f237512388d88983ab	U+7DE8	編	CJK UNIFIED IDEOGRAPH-7DE8	24	24	PRESENT
jp	24	app/assets/fonts/efontJA_24_subset.cpp	3b5b8a4c6d120242079a0534ffbcb1733b76a56cea84a0f237512388d88983ab	U+7F6E	置	CJK UNIFIED IDEOGRAPH-7F6E	24	24	PRESENT
jp	24	app/assets/fonts/efontJA_24_subset.cpp	3b5b8a4c6d120242079a0534ffbcb1733b76a56cea84a0f237512388d88983ab	U+82F1	英	CJK UNIFIED IDEOGRAPH-82F1	24	24	PRESENT
jp	24	app/assets/fonts/efontJA_24_subset.cpp	3b5b8a4c6d120242079a0534ffbcb1733b76a56cea84a0f237512388d88983ab	U+884C	行	CJK UNIFIED IDEOGRAPH-884C	24	24	PRESENT
jp	24	app/assets/fonts/efontJA_24_subset.cpp	3b5b8a4c6d120242079a0534ffbcb1733b76a56cea84a0f237512388d88983ab	U+8981	要	CJK UNIFIED IDEOGRAPH-8981	24	24	PRESENT
jp	24	app/assets/fonts/efontJA_24_subset.cpp	3b5b8a4c6d120242079a0534ffbcb1733b76a56cea84a0f237512388d88983ab	U+8A00	言	CJK UNIFIED IDEOGRAPH-8A00	24	24	PRESENT
jp	24	app/assets/fonts/efontJA_24_subset.cpp	3b5b8a4c6d120242079a0534ffbcb1733b76a56cea84a0f237512388d88983ab	U+8A08	計	CJK UNIFIED IDEOGRAPH-8A08	24	24	PRESENT
jp	24	app/assets/fonts/efontJA_24_subset.cpp	3b5b8a4c6d120242079a0534ffbcb1733b76a56cea84a0f237512388d88983ab	U+8A18	記	CJK UNIFIED IDEOGRAPH-8A18	24	24	PRESENT
jp	24	app/assets/fonts/efontJA_24_subset.cpp	3b5b8a4c6d120242079a0534ffbcb1733b76a56cea84a0f237512388d88983ab	U+8A2D	設	CJK UNIFIED IDEOGRAPH-8A2D	24	24	PRESENT
jp	24	app/assets/fonts/efontJA_24_subset.cpp	3b5b8a4c6d120242079a0534ffbcb1733b76a56cea84a0f237512388d88983ab	U+8A9E	語	CJK UNIFIED IDEOGRAPH-8A9E	24	24	PRESENT
jp	24	app/assets/fonts/efontJA_24_subset.cpp	3b5b8a4c6d120242079a0534ffbcb1733b76a56cea84a0f237512388d88983ab	U+8D77	起	CJK UNIFIED IDEOGRAPH-8D77	24	24	PRESENT
jp	24	app/assets/fonts/efontJA_24_subset.cpp	3b5b8a4c6d120242079a0534ffbcb1733b76a56cea84a0f237512388d88983ab	U+8DEF	路	CJK UNIFIED IDEOGRAPH-8DEF	24	24	PRESENT
jp	24	app/assets/fonts/efontJA_24_subset.cpp	3b5b8a4c6d120242079a0534ffbcb1733b76a56cea84a0f237512388d88983ab	U+8FFD	追	CJK UNIFIED IDEOGRAPH-8FFD	24	24	PRESENT
jp	24	app/assets/fonts/efontJA_24_subset.cpp	3b5b8a4c6d120242079a0534ffbcb1733b76a56cea84a0f237512388d88983ab	U+90E8	部	CJK UNIFIED IDEOGRAPH-90E8	24	24	PRESENT
jp	24	app/assets/fonts/efontJA_24_subset.cpp	3b5b8a4c6d120242079a0534ffbcb1733b76a56cea84a0f237512388d88983ab	U+914D	配	CJK UNIFIED IDEOGRAPH-914D	24	24	PRESENT
jp	24	app/assets/fonts/efontJA_24_subset.cpp	3b5b8a4c6d120242079a0534ffbcb1733b76a56cea84a0f237512388d88983ab	U+91CF	量	CJK UNIFIED IDEOGRAPH-91CF	24	24	PRESENT
jp	24	app/assets/fonts/efontJA_24_subset.cpp	3b5b8a4c6d120242079a0534ffbcb1733b76a56cea84a0f237512388d88983ab	U+9332	録	CJK UNIFIED IDEOGRAPH-9332	24	24	PRESENT
jp	24	app/assets/fonts/efontJA_24_subset.cpp	3b5b8a4c6d120242079a0534ffbcb1733b76a56cea84a0f237512388d88983ab	U+958B	開	CJK UNIFIED IDEOGRAPH-958B	24	23	PRESENT
jp	24	app/assets/fonts/efontJA_24_subset.cpp	3b5b8a4c6d120242079a0534ffbcb1733b76a56cea84a0f237512388d88983ab	U+9593	間	CJK UNIFIED IDEOGRAPH-9593	24	23	PRESENT
jp	24	app/assets/fonts/efontJA_24_subset.cpp	3b5b8a4c6d120242079a0534ffbcb1733b76a56cea84a0f237512388d88983ab	U+95BE	閾	CJK UNIFIED IDEOGRAPH-95BE	24	23	PRESENT
jp	24	app/assets/fonts/efontJA_24_subset.cpp	3b5b8a4c6d120242079a0534ffbcb1733b76a56cea84a0f237512388d88983ab	U+9664	除	CJK UNIFIED IDEOGRAPH-9664	24	23	PRESENT
jp	24	app/assets/fonts/efontJA_24_subset.cpp	3b5b8a4c6d120242079a0534ffbcb1733b76a56cea84a0f237512388d88983ab	U+96C6	集	CJK UNIFIED IDEOGRAPH-96C6	24	24	PRESENT
jp	24	app/assets/fonts/efontJA_24_subset.cpp	3b5b8a4c6d120242079a0534ffbcb1733b76a56cea84a0f237512388d88983ab	U+96FB	電	CJK UNIFIED IDEOGRAPH-96FB	24	24	PRESENT
jp	24	app/assets/fonts/efontJA_24_subset.cpp	3b5b8a4c6d120242079a0534ffbcb1733b76a56cea84a0f237512388d88983ab	U+FF1F	？	FULLWIDTH QUESTION MARK	24	12	PRESENT
